Situación del SEN para el 17 de noviembre de 2023.,https://www.minem.gob.cu/es/noticias/situacion-del-sen/situacion-del-sen-para-el-17-de-noviembre-de-2023,https://www.minem.gob.cu/sites/default/files/styles/imagen_220x220/public/noticias/284586312_894620618599534_7660329440615323138_n_470.jpg?itok=zKcxj1WD,17 11 2023, La Unión Eléctrica informa,,,
Situación del SEN para el 16 de noviembre de 2023.,https://www.minem.gob.cu/es/noticias/situacion-del-sen/situacion-del-sen-para-el-16-de-noviembre-de-2023,https://www.minem.gob.cu/sites/default/files/styles/imagen_220x220/public/noticias/310684864_468485111965229_8727973611952072554_n_17.jpg?itok=-uiiKARK,16 11 2023, La Unión Eléctrica informa,,,
Situación del SEN para el 15 de noviembre de 2023.,https://www.minem.gob.cu/es/noticias/situacion-del-sen/situacion-del-sen-para-el-15-de-noviembre-de-2023,https://www.minem.gob.cu/sites/default/files/styles/imagen_220x220/public/noticias/284586312_894620618599534_7660329440615323138_n_469.jpg?itok=OYH8mTY2,15 11 2023, La Unión Eléctrica informa,,,
Situación del SEN para el 14 de noviembre de 2023.,https://www.minem.gob.cu/es/noticias/situacion-del-sen/situacion-del-sen-para-el-14-de-noviembre-de-2023,https://www.minem.gob.cu/sites/default/files/styles/imagen_220x220/public/noticias/284586312_894620618599534_7660329440615323138_n_468.jpg?itok=QXVljNdx,14 11 2023, La Unión Eléctrica informa,,,
Situación del SEN para el 13 de noviembre de 2023.,https://www.minem.gob.cu/es/noticias/situacion-del-sen/situacion-del-sen-para-el-13-de-noviembre-de-2023,https://www.minem.gob.cu/sites/default/files/styles/imagen_220x220/public/noticias/284586312_894620618599534_7660329440615323138_n_364_6.jpg?itok=O373QRh9,13 11 2023, La Unión Eléctrica informa,,,
Situación del SEN para el 12 de noviembre de 2023.,https://www.minem.gob.cu/es/noticias/situacion-del-sen/situacion-del-sen-para-el-12-de-noviembre-de-2023,https://www.minem.gob.cu/sites/default/files/styles/imagen_220x220/public/noticias/284586312_894620618599534_7660329440615323138_n_467.jpg?itok=nVi9bOoc,12 11 2023, La Unión Eléctrica informa,,,
Situación del SEN para el 11 de noviembre de 2023.,https://www.minem.gob.cu/es/noticias/situacion-del-sen/situacion-del-sen-para-el-11-de-noviembre-de-2023,https://www.minem.gob.cu/sites/default/files/styles/imagen_220x220/public/noticias/284586312_894620618599534_7660329440615323138_n_466.jpg?itok=qyp9zEXf,11 11 2023, La Unión Eléctrica informa,,,
Situación del SEN para el 10 de noviembre de 2023.,https://www.minem.gob.cu/es/noticias/situacion-del-sen/situacion-del-sen-para-el-10-de-noviembre-de-2023,https://www.minem.gob.cu/sites/default/files/styles/imagen_220x220/public/noticias/284586312_894620618599534_7660329440615323138_n_465.jpg?itok=n0qh7b76,10 11 2023, La Unión Eléctrica informa,,,
Situación del SEN para el 9 de noviembre de 2023.,https://www.minem.gob.cu/es/noticias/situacion-del-sen/situacion-del-sen-para-el-9-de-noviembre-de-2023,https://www.minem.gob.cu/sites/default/files/styles/imagen_220x220/public/noticias/284586312_894620618599534_7660329440615323138_n_464.jpg?itok=25w-6QGg,09 11 2023, La Unión Eléctrica informa,,,
Situación del SEN para el 8 de noviembre de 2023.,https://www.minem.gob.cu/es/noticias/situacion-del-sen/situacion-del-sen-para-el-8-de-noviembre-de-2023,https://www.minem.gob.cu/sites/default/files/styles/imagen_220x220/public/noticias/284586312_894620618599534_7660329440615323138_n_463.jpg?itok=Jw0wvrsO,08 11 2023, La Unión Eléctrica informa, Situación del SEN,Usted está aquíInicio / Noticias / Situación del SEN Situación del SEN  #PorUnDesarrolloSostenible para Cuba  Partes diarios de la Unión Eléctrica donde informa la Situación del Servicio Eléctrico Nacional  17 11 2023 Situación del SEN para el 17 de noviembre de 2023. La Unión Eléctrica informa  16 11 2023 Situación del SEN para el 16 de noviembre de 2023. La Unión Eléctrica informa  15 11 2023 Situación del SEN para el 15 de noviembre de 2023. La Unión Eléctrica informa  14 11 2023 Situación del SEN para el 14 de noviembre de 2023. La Unión Eléctrica informa  13 11 2023 Situación del SEN para el 13 de noviembre de 2023. La Unión Eléctrica informa  12 11 2023 Situación del SEN para el 12 de noviembre de 2023. La Unión Eléctrica informa  11 11 2023 Situación del SEN para el 11 de noviembre de 2023. La Unión Eléctrica informa  10 11 2023 Situación del SEN para el 10 de noviembre de 2023. La Unión Eléctrica informa  09 11 2023 Situación del SEN para el 9 de noviembre de 2023. La Unión Eléctrica informa  08 11 2023 Situación del SEN para el 8 de noviembre de 2023. La Unión Eléctrica informaPáginas123456789…siguiente ›última » ,https://www.minem.gob.cu/es/noticias/situacion-del-sen
Situación del SEN para el 7 de noviembre de 2023,https://www.minem.gob.cu/es/noticias/situacion-del-sen/situacion-del-sen-para-el-7-de-noviembre-de-2023,https://www.minem.gob.cu/sites/default/files/styles/imagen_220x220/public/noticias/284586312_894620618599534_7660329440615323138_n_462.jpg?itok=hOIkBFBd,07 11 2023, La Unión Eléctrica informa,,,
Situación del SEN para el 6 de noviembre de 2023.,https://www.minem.gob.cu/es/noticias/situacion-del-sen/situacion-del-sen-para-el-6-de-noviembre-de-2023,https://www.minem.gob.cu/sites/default/files/styles/imagen_220x220/public/noticias/310684864_468485111965229_8727973611952072554_n_16.jpg?itok=Y-P-Sxc3,06 11 2023, La Unión Eléctrica informa,,,
Situación del SEN para el 05 de noviembre de 2023.,https://www.minem.gob.cu/es/noticias/situacion-del-sen/situacion-del-sen-para-el-05-de-noviembre-de-2023,https://www.minem.gob.cu/sites/default/files/styles/imagen_220x220/public/noticias/284586312_894620618599534_7660329440615323138_n_461.jpg?itok=p7kMQb_H,05 11 2023, La Unión Eléctrica informa,,,
Situación del SEN para el 4 de noviembre de 2023.,https://www.minem.gob.cu/es/noticias/situacion-del-sen/situacion-del-sen-para-el-4-de-noviembre-de-2023,https://www.minem.gob.cu/sites/default/files/styles/imagen_220x220/public/noticias/284586312_894620618599534_7660329440615323138_n_460.jpg?itok=iVv8gyZq,04 11 2023, La Unión Eléctrica informa,,,
Situación del SEN para el 3 de noviembre de 2023.,https://www.minem.gob.cu/es/noticias/situacion-del-sen/situacion-del-sen-para-el-3-de-noviembre-de-2023,https://www.minem.gob.cu/sites/default/files/styles/imagen_220x220/public/noticias/284586312_894620618599534_7660329440615323138_n_459.jpg?itok=InEj4LVY,03 11 2023, La Unión Eléctrica informa,,,
Situación del SEN para el 2 de noviembre de 2023.,https://www.minem.gob.cu/es/noticias/situacion-del-sen/situacion-del-sen-para-el-2-de-noviembre-de-2023,https://www.minem.gob.cu/sites/default/files/styles/imagen_220x220/public/noticias/284586312_894620618599534_7660329440615323138_n_458.jpg?itok=-LxZOOxO,02 11 2023, La Unión Eléctrica informa,,,
Situación del SEN para el 1 de noviembre de 2023.,https://www.minem.gob.cu/es/noticias/situacion-del-sen/situacion-del-sen-para-el-1-de-noviembre-de-2023,https://www.minem.gob.cu/sites/default/files/styles/imagen_220x220/public/noticias/284586312_894620618599534_7660329440615323138_n_457.jpg?itok=7-z6OffG,01 11 2023, La Unión Eléctrica informa,,,
Situación del SEN para el 31 de octubre de 2023.,https://www.minem.gob.cu/es/noticias/situacion-del-sen/situacion-del-sen-para-el-31-de-octubre-de-2023,https://www.minem.gob.cu/sites/default/files/styles/imagen_220x220/public/noticias/284586312_894620618599534_7660329440615323138_n_456.jpg?itok=o8dh-PzL,31 10 2023, La Unión Eléctrica informa,,,
Situación del SEN para el 30 de octubre de 2023.,https://www.minem.gob.cu/es/noticias/situacion-del-sen/situacion-del-sen-para-el-30-de-octubre-de-2023,https://www.minem.gob.cu/sites/default/files/styles/imagen_220x220/public/noticias/284586312_894620618599534_7660329440615323138_n_455.jpg?itok=GfQMqsgs,30 10 2023, La Unión Eléctrica informa,,,
Situación del SEN para el 29 de octubre de 2023,https://www.minem.gob.cu/es/noticias/situacion-del-sen/situacion-del-sen-para-el-29-de-octubre-de-2023,https://www.minem.gob.cu/sites/default/files/styles/imagen_220x220/public/noticias/284586312_894620618599534_7660329440615323138_n_454.jpg?itok=ZD1mOkVg,29 10 2023, La Unión Eléctrica informa, Situación del SEN,Usted está aquíInicio / Noticias / Situación del SEN Situación del SEN  #PorUnDesarrolloSostenible para Cuba  Partes diarios de la Unión Eléctrica donde informa la Situación del Servicio Eléctrico Nacional  07 11 2023 Situación del SEN para el 7 de noviembre de 2023 La Unión Eléctrica informa  06 11 2023 Situación del SEN para el 6 de noviembre de 2023. La Unión Eléctrica informa  05 11 2023 Situación del SEN para el 05 de noviembre de 2023. La Unión Eléctrica informa  04 11 2023 Situación del SEN para el 4 de noviembre de 2023. La Unión Eléctrica informa  03 11 2023 Situación del SEN para el 3 de noviembre de 2023. La Unión Eléctrica informa  02 11 2023 Situación del SEN para el 2 de noviembre de 2023. La Unión Eléctrica informa  01 11 2023 Situación del SEN para el 1 de noviembre de 2023. La Unión Eléctrica informa  31 10 2023 Situación del SEN para el 31 de octubre de 2023. La Unión Eléctrica informa  30 10 2023 Situación del SEN para el 30 de octubre de 2023. La Unión Eléctrica informa  29 10 2023 Situación del SEN para el 29 de octubre de 2023 La Unión Eléctrica informaPáginas« primero‹ anterior123456789…siguiente ›última » ,https://www.minem.gob.cu/es/noticias/situacion-del-sen?page=1
Situación del SEN para el 28 de octubre de 2023.,https://www.minem.gob.cu/es/noticias/situacion-del-sen/situacion-del-sen-para-el-28-de-octubre-de-2023,https://www.minem.gob.cu/sites/default/files/styles/imagen_220x220/public/noticias/284586312_894620618599534_7660329440615323138_n_453.jpg?itok=4SiS1pjp,28 10 2023, La Unión Eléctrica informa,,,
Situación del SEN para el 27 de octubre de 2023.,https://www.minem.gob.cu/es/noticias/situacion-del-sen/situacion-del-sen-para-el-27-de-octubre-de-2023,https://www.minem.gob.cu/sites/default/files/styles/imagen_220x220/public/noticias/284586312_894620618599534_7660329440615323138_n_364_5.jpg?itok=RFXORudb,27 10 2023, La Unión Eléctrica informa,,,
Situación del SEN para el 26 de octubre de 2023.,https://www.minem.gob.cu/es/noticias/situacion-del-sen/situacion-del-sen-para-el-26-de-octubre-de-2023,https://www.minem.gob.cu/sites/default/files/styles/imagen_220x220/public/noticias/284586312_894620618599534_7660329440615323138_n_452.jpg?itok=HEL6y3i3,26 10 2023, La Unión Eléctrica informa,,,
Situación del SEN para el 25 de octubre de 2023.,https://www.minem.gob.cu/es/noticias/situacion-del-sen/situacion-del-sen-para-el-25-de-octubre-de-2023,https://www.minem.gob.cu/sites/default/files/styles/imagen_220x220/public/noticias/284586312_894620618599534_7660329440615323138_n_451.jpg?itok=tPZV91Nx,25 10 2023, La Unión Eléctrica informa,,,
Situación del SEN para el 24 de octubre de 2023.,https://www.minem.gob.cu/es/noticias/situacion-del-sen/situacion-del-sen-para-el-24-de-octubre-de-2023,https://www.minem.gob.cu/sites/default/files/styles/imagen_220x220/public/noticias/284586312_894620618599534_7660329440615323138_n_450.jpg?itok=2zeTMI7W,24 10 2023, La Unión Eléctrica informa,,,
Situación del SEN para el 23 de octubre de 2023.,https://www.minem.gob.cu/es/noticias/situacion-del-sen/situacion-del-sen-para-el-23-de-octubre-de-2023,https://www.minem.gob.cu/sites/default/files/styles/imagen_220x220/public/noticias/284586312_894620618599534_7660329440615323138_n_449.jpg?itok=NH975Fn_,23 10 2023, La Unión Eléctrica informa,,,
Situación del SEN para el 22 de octubre de 2023.,https://www.minem.gob.cu/es/noticias/situacion-del-sen/situacion-del-sen-para-el-22-de-octubre-de-2023,https://www.minem.gob.cu/sites/default/files/styles/imagen_220x220/public/noticias/284586312_894620618599534_7660329440615323138_n_448.jpg?itok=_JQeK0HQ,22 10 2023, La Unión Eléctrica informa,,,
Situación del SEN para el 21 de octubre de 2023.,https://www.minem.gob.cu/es/noticias/situacion-del-sen/situacion-del-sen-para-el-21-de-octubre-de-2023,https://www.minem.gob.cu/sites/default/files/styles/imagen_220x220/public/noticias/284586312_894620618599534_7660329440615323138_n_447.jpg?itok=D-oVZr7m,21 10 2023, La Unión Eléctrica informa,,,
Situación del SEN para el 20 de octubre de 2023.,https://www.minem.gob.cu/es/noticias/situacion-del-sen/situacion-del-sen-para-el-20-de-octubre-de-2023,https://www.minem.gob.cu/sites/default/files/styles/imagen_220x220/public/noticias/310684864_468485111965229_8727973611952072554_n_15.jpg?itok=g_l2TC4S,20 10 2023, La Unión Eléctrica informa,,,
Situación del SEN para el 19 de octubre de 2023.,https://www.minem.gob.cu/es/noticias/situacion-del-sen/situacion-del-sen-para-el-19-de-octubre-de-2023,https://www.minem.gob.cu/sites/default/files/styles/imagen_220x220/public/noticias/284586312_894620618599534_7660329440615323138_n_446.jpg?itok=yuWhsiTn,19 10 2023, La Unión Eléctrica informa, Situación del SEN,Usted está aquíInicio / Noticias / Situación del SEN Situación del SEN  #PorUnDesarrolloSostenible para Cuba  Partes diarios de la Unión Eléctrica donde informa la Situación del Servicio Eléctrico Nacional  28 10 2023 Situación del SEN para el 28 de octubre de 2023. La Unión Eléctrica informa  27 10 2023 Situación del SEN para el 27 de octubre de 2023. La Unión Eléctrica informa  26 10 2023 Situación del SEN para el 26 de octubre de 2023. La Unión Eléctrica informa  25 10 2023 Situación del SEN para el 25 de octubre de 2023. La Unión Eléctrica informa  24 10 2023 Situación del SEN para el 24 de octubre de 2023. La Unión Eléctrica informa  23 10 2023 Situación del SEN para el 23 de octubre de 2023. La Unión Eléctrica informa  22 10 2023 Situación del SEN para el 22 de octubre de 2023. La Unión Eléctrica informa  21 10 2023 Situación del SEN para el 21 de octubre de 2023. La Unión Eléctrica informa  20 10 2023 Situación del SEN para el 20 de octubre de 2023. La Unión Eléctrica informa  19 10 2023 Situación del SEN para el 19 de octubre de 2023. La Unión Eléctrica informaPáginas« primero‹ anterior123456789…siguiente ›última » ,https://www.minem.gob.cu/es/noticias/situacion-del-sen?page=2
Situación del SEN para el 18 de octubre de 2023.,https://www.minem.gob.cu/es/noticias/situacion-del-sen/situacion-del-sen-para-el-18-de-octubre-de-2023,https://www.minem.gob.cu/sites/default/files/styles/imagen_220x220/public/noticias/284586312_894620618599534_7660329440615323138_n_445.jpg?itok=8wdTHBNc,18 10 2023, La Unión Eléctrica informa,,,
Situación del SEN para el 17 de octubre de 2023.,https://www.minem.gob.cu/es/noticias/situacion-del-sen/situacion-del-sen-para-el-17-de-octubre-de-2023,https://www.minem.gob.cu/sites/default/files/styles/imagen_220x220/public/noticias/284586312_894620618599534_7660329440615323138_n_444.jpg?itok=2xJwEE-9,17 10 2023, La Unión Eléctrica informa,,,
Situación del SEN para el 16 de octubre de 2023.,https://www.minem.gob.cu/es/noticias/situacion-del-sen/situacion-del-sen-para-el-16-de-octubre-de-2023,https://www.minem.gob.cu/sites/default/files/styles/imagen_220x220/public/noticias/284586312_894620618599534_7660329440615323138_n_443.jpg?itok=TEln-WxQ,16 10 2023, La Unión Eléctrica informa,,,
Situación del SEN para el 15 de octubre de 2023.,https://www.minem.gob.cu/es/noticias/situacion-del-sen/situacion-del-sen-para-el-15-de-octubre-de-2023,https://www.minem.gob.cu/sites/default/files/styles/imagen_220x220/public/noticias/284586312_894620618599534_7660329440615323138_n_442.jpg?itok=e65LLMFd,15 10 2023, La Unión Eléctrica informa,,,
Situación del SEN para el 14 de octubre de 2023.,https://www.minem.gob.cu/es/noticias/situacion-del-sen/situacion-del-sen-para-el-14-de-octubre-de-2023,https://www.minem.gob.cu/sites/default/files/styles/imagen_220x220/public/noticias/284586312_894620618599534_7660329440615323138_n_441.jpg?itok=3eiCKzNX,14 10 2023, La Unión Eléctrica informa,,,
Situación del SEN para el 13 de octubre de 2023.,https://www.minem.gob.cu/es/noticias/situacion-del-sen/situacion-del-sen-para-el-13-de-octubre-de-2023,https://www.minem.gob.cu/sites/default/files/styles/imagen_220x220/public/noticias/284586312_894620618599534_7660329440615323138_n_440.jpg?itok=7zNTAeBF,13 10 2023, La Unión Eléctrica informa,,,
Situación del SEN para el 12 de octubre de 2023.,https://www.minem.gob.cu/es/noticias/situacion-del-sen/situacion-del-sen-para-el-12-de-octubre-de-2023,https://www.minem.gob.cu/sites/default/files/styles/imagen_220x220/public/noticias/284586312_894620618599534_7660329440615323138_n_438.jpg?itok=j6mX0sIW,12 10 2023, La Unión Eléctrica informa,,,
Situación del SEN para el 11 de octubre de 2023.,https://www.minem.gob.cu/es/noticias/situacion-del-sen/situacion-del-sen-para-el-11-de-octubre-de-2023,https://www.minem.gob.cu/sites/default/files/styles/imagen_220x220/public/noticias/284586312_894620618599534_7660329440615323138_n_439.jpg?itok=LmzbC-ZN,11 10 2023, La Unión Eléctrica informa,,,
Situación del SEN para el 10 de octubre de 2023.,https://www.minem.gob.cu/es/noticias/situacion-del-sen/situacion-del-sen-para-el-10-de-octubre-de-2023,https://www.minem.gob.cu/sites/default/files/styles/imagen_220x220/public/noticias/284586312_894620618599534_7660329440615323138_n_437.jpg?itok=oZPSs7hy,10 10 2023, La Unión Eléctrica informa,,,
Situación del SEN para el 09 de octubre de 2023.,https://www.minem.gob.cu/es/noticias/situacion-del-sen/situacion-del-sen-para-el-09-de-octubre-de-2023,https://www.minem.gob.cu/sites/default/files/styles/imagen_220x220/public/noticias/310684864_468485111965229_8727973611952072554_n_14.jpg?itok=NeFRTVAC,09 10 2023, La Unión Eléctrica informa, Situación del SEN,Usted está aquíInicio / Noticias / Situación del SEN Situación del SEN  #PorUnDesarrolloSostenible para Cuba  Partes diarios de la Unión Eléctrica donde informa la Situación del Servicio Eléctrico Nacional  18 10 2023 Situación del SEN para el 18 de octubre de 2023. La Unión Eléctrica informa  17 10 2023 Situación del SEN para el 17 de octubre de 2023. La Unión Eléctrica informa  16 10 2023 Situación del SEN para el 16 de octubre de 2023. La Unión Eléctrica informa  15 10 2023 Situación del SEN para el 15 de octubre de 2023. La Unión Eléctrica informa  14 10 2023 Situación del SEN para el 14 de octubre de 2023. La Unión Eléctrica informa  13 10 2023 Situación del SEN para el 13 de octubre de 2023. La Unión Eléctrica informa  12 10 2023 Situación del SEN para el 12 de octubre de 2023. La Unión Eléctrica informa  11 10 2023 Situación del SEN para el 11 de octubre de 2023. La Unión Eléctrica informa  10 10 2023 Situación del SEN para el 10 de octubre de 2023. La Unión Eléctrica informa  09 10 2023 Situación del SEN para el 09 de octubre de 2023. La Unión Eléctrica informaPáginas« primero‹ anterior123456789…siguiente ›última » ,https://www.minem.gob.cu/es/noticias/situacion-del-sen?page=3
Situación del SEN para el 08 de octubre de 2023.,https://www.minem.gob.cu/es/noticias/situacion-del-sen/situacion-del-sen-para-el-08-de-octubre-de-2023,https://www.minem.gob.cu/sites/default/files/styles/imagen_220x220/public/noticias/284586312_894620618599534_7660329440615323138_n_436.jpg?itok=h05g1BYi,08 10 2023, La Unión Eléctrica informa,,,
Situación del SEN para el 07 de octubre de 2023.,https://www.minem.gob.cu/es/noticias/situacion-del-sen/situacion-del-sen-para-el-07-de-octubre-de-2023,https://www.minem.gob.cu/sites/default/files/styles/imagen_220x220/public/noticias/284586312_894620618599534_7660329440615323138_n_435.jpg?itok=A5L0yfYH,07 10 2023, La Unión Eléctrica informa,,,
Situación del SEN para el 06 de octubre de 2023.,https://www.minem.gob.cu/es/noticias/situacion-del-sen/situacion-del-sen-para-el-06-de-octubre-de-2023,https://www.minem.gob.cu/sites/default/files/styles/imagen_220x220/public/noticias/284586312_894620618599534_7660329440615323138_n_434.jpg?itok=X6PaiOq3,06 10 2023, La Unión Eléctrica informa,,,
Situación del SEN para el 05 de octubre de 2023.,https://www.minem.gob.cu/es/noticias/situacion-del-sen/situacion-del-sen-para-el-05-de-octubre-de-2023,https://www.minem.gob.cu/sites/default/files/styles/imagen_220x220/public/noticias/284586312_894620618599534_7660329440615323138_n_433.jpg?itok=ruXC5RYW,05 10 2023, La Unión Eléctrica informa,,,
Situación del SEN para el 04 de octubre de 2023.,https://www.minem.gob.cu/es/noticias/situacion-del-sen/situacion-del-sen-para-el-04-de-octubre-de-2023,https://www.minem.gob.cu/sites/default/files/styles/imagen_220x220/public/noticias/284586312_894620618599534_7660329440615323138_n_432.jpg?itok=_Um6ZqFi,04 10 2023, La Unión Eléctrica informa,,,
Situación del SEN para el 03 de octubre de 2023.,https://www.minem.gob.cu/es/noticias/situacion-del-sen/situacion-del-sen-para-el-03-de-octubre-de-2023,https://www.minem.gob.cu/sites/default/files/styles/imagen_220x220/public/noticias/284586312_894620618599534_7660329440615323138_n_431.jpg?itok=VcI0rRYC,03 10 2023, La Unión Eléctrica informa,,,
Situación del SEN para el 02 de octubre de 2023.,https://www.minem.gob.cu/es/noticias/situacion-del-sen/situacion-del-sen-para-el-02-de-octubre-de-2023,https://www.minem.gob.cu/sites/default/files/styles/imagen_220x220/public/noticias/284586312_894620618599534_7660329440615323138_n_430.jpg?itok=CEYEZ2Ek,02 10 2023, La Unión Eléctrica informa,,,
Situación del SEN para el 01 de octubre de 2023.La ,https://www.minem.gob.cu/es/noticias/situacion-del-sen/situacion-del-sen-para-el-01-de-octubre-de-2023la,https://www.minem.gob.cu/sites/default/files/styles/imagen_220x220/public/noticias/284586312_894620618599534_7660329440615323138_n_429.jpg?itok=CoMfPNCy,01 10 2023, La Unión Eléctrica informa,,,
Situación del SEN para el 30 de septiembre de 2023.,https://www.minem.gob.cu/es/noticias/situacion-del-sen/situacion-del-sen-para-el-30-de-septiembre-de-2023,https://www.minem.gob.cu/sites/default/files/styles/imagen_220x220/public/noticias/284586312_894620618599534_7660329440615323138_n_428.jpg?itok=70WiUBWk,30 09 2023, La Unión Eléctrica informa,,,
Situación del SEN para el 29 de septiembre de 2023.,https://www.minem.gob.cu/es/noticias/situacion-del-sen/situacion-del-sen-para-el-29-de-septiembre-de-2023,https://www.minem.gob.cu/sites/default/files/styles/imagen_220x220/public/noticias/284586312_894620618599534_7660329440615323138_n_427.jpg?itok=WDFIpMeB,29 09 2023, La Unión Eléctrica informa, Situación del SEN,Usted está aquíInicio / Noticias / Situación del SEN Situación del SEN  #PorUnDesarrolloSostenible para Cuba  Partes diarios de la Unión Eléctrica donde informa la Situación del Servicio Eléctrico Nacional  08 10 2023 Situación del SEN para el 08 de octubre de 2023. La Unión Eléctrica informa  07 10 2023 Situación del SEN para el 07 de octubre de 2023. La Unión Eléctrica informa  06 10 2023 Situación del SEN para el 06 de octubre de 2023. La Unión Eléctrica informa  05 10 2023 Situación del SEN para el 05 de octubre de 2023. La Unión Eléctrica informa  04 10 2023 Situación del SEN para el 04 de octubre de 2023. La Unión Eléctrica informa  03 10 2023 Situación del SEN para el 03 de octubre de 2023. La Unión Eléctrica informa  02 10 2023 Situación del SEN para el 02 de octubre de 2023. La Unión Eléctrica informa  01 10 2023 Situación del SEN para el 01 de octubre de 2023.La  La Unión Eléctrica informa  30 09 2023 Situación del SEN para el 30 de septiembre de 2023. La Unión Eléctrica informa  29 09 2023 Situación del SEN para el 29 de septiembre de 2023. La Unión Eléctrica informaPáginas« primero‹ anterior123456789…siguiente ›última » ,https://www.minem.gob.cu/es/noticias/situacion-del-sen?page=4
Situación del SEN para el 28 de septiembre de 2023.,https://www.minem.gob.cu/es/noticias/situacion-del-sen/situacion-del-sen-para-el-28-de-septiembre-de-2023,https://www.minem.gob.cu/sites/default/files/styles/imagen_220x220/public/noticias/284586312_894620618599534_7660329440615323138_n_426.jpg?itok=ri6Wy6vv,28 09 2023, La Unión Eléctrica informa,,,
Situación del SEN para el 27 de septiembre de 2023.,https://www.minem.gob.cu/es/noticias/situacion-del-sen/situacion-del-sen-para-el-27-de-septiembre-de-2023,https://www.minem.gob.cu/sites/default/files/styles/imagen_220x220/public/noticias/284586312_894620618599534_7660329440615323138_n_425.jpg?itok=wdrBm1tA,27 09 2023, La Unión Eléctrica informa,,,
Situación del SEN para el 26 de septiembre de 2023.,https://www.minem.gob.cu/es/noticias/situacion-del-sen/situacion-del-sen-para-el-26-de-septiembre-de-2023,https://www.minem.gob.cu/sites/default/files/styles/imagen_220x220/public/noticias/284586312_894620618599534_7660329440615323138_n_424.jpg?itok=GVkkqADq,26 09 2023, La Unión Eléctrica informa,,,
Situación del SEN para el 25 de septiembre de 2023.,https://www.minem.gob.cu/es/noticias/situacion-del-sen/situacion-del-sen-para-el-25-de-septiembre-de-2023,https://www.minem.gob.cu/sites/default/files/styles/imagen_220x220/public/noticias/284586312_894620618599534_7660329440615323138_n_423.jpg?itok=FkF9WpAW,25 09 2023, La Unión Eléctrica informa,,,
Situación del SEN para el 24 de septiembre de 2023.,https://www.minem.gob.cu/es/noticias/situacion-del-sen/situacion-del-sen-para-el-24-de-septiembre-de-2023,https://www.minem.gob.cu/sites/default/files/styles/imagen_220x220/public/noticias/284586312_894620618599534_7660329440615323138_n_422.jpg?itok=31qYOqmd,24 09 2023, La Unión Eléctrica informa,,,
Situación del SEN para el 23 de septiembre de 2023.,https://www.minem.gob.cu/es/noticias/situacion-del-sen/situacion-del-sen-para-el-23-de-septiembre-de-2023,https://www.minem.gob.cu/sites/default/files/styles/imagen_220x220/public/noticias/284586312_894620618599534_7660329440615323138_n_421.jpg?itok=mErxk4s_,23 09 2023, La Unión Eléctrica informa,,,
Situación del SEN para el 22 de septiembre de 2023.,https://www.minem.gob.cu/es/noticias/situacion-del-sen/situacion-del-sen-para-el-22-de-septiembre-de-2023,https://www.minem.gob.cu/sites/default/files/styles/imagen_220x220/public/noticias/284586312_894620618599534_7660329440615323138_n_420.jpg?itok=pdeDbKVF,22 09 2023, La Unión Eléctrica informa,,,
Situación del SEN para el 21 de septiembre de 2023.,https://www.minem.gob.cu/es/noticias/situacion-del-sen/situacion-del-sen-para-el-21-de-septiembre-de-2023,https://www.minem.gob.cu/sites/default/files/styles/imagen_220x220/public/noticias/284586312_894620618599534_7660329440615323138_n_419.jpg?itok=18PqFaI6,21 09 2023, La Unión Eléctrica informa,,,
Situación del SEN para el 20 de septiembre de 2023.,https://www.minem.gob.cu/es/noticias/situacion-del-sen/situacion-del-sen-para-el-20-de-septiembre-de-2023,https://www.minem.gob.cu/sites/default/files/styles/imagen_220x220/public/noticias/284586312_894620618599534_7660329440615323138_n_418.jpg?itok=8QvPlhJ0,20 09 2023, La Unión Eléctrica informa,,,
Situación del SEN para el 19 de septiembre de 2023.,https://www.minem.gob.cu/es/noticias/situacion-del-sen/situacion-del-sen-para-el-19-de-septiembre-de-2023,https://www.minem.gob.cu/sites/default/files/styles/imagen_220x220/public/noticias/284586312_894620618599534_7660329440615323138_n_417.jpg?itok=ReyYUB9L,19 09 2023, La Unión Eléctrica informa, Situación del SEN,Usted está aquíInicio / Noticias / Situación del SEN Situación del SEN  #PorUnDesarrolloSostenible para Cuba  Partes diarios de la Unión Eléctrica donde informa la Situación del Servicio Eléctrico Nacional  28 09 2023 Situación del SEN para el 28 de septiembre de 2023. La Unión Eléctrica informa  27 09 2023 Situación del SEN para el 27 de septiembre de 2023. La Unión Eléctrica informa  26 09 2023 Situación del SEN para el 26 de septiembre de 2023. La Unión Eléctrica informa  25 09 2023 Situación del SEN para el 25 de septiembre de 2023. La Unión Eléctrica informa  24 09 2023 Situación del SEN para el 24 de septiembre de 2023. La Unión Eléctrica informa  23 09 2023 Situación del SEN para el 23 de septiembre de 2023. La Unión Eléctrica informa  22 09 2023 Situación del SEN para el 22 de septiembre de 2023. La Unión Eléctrica informa  21 09 2023 Situación del SEN para el 21 de septiembre de 2023. La Unión Eléctrica informa  20 09 2023 Situación del SEN para el 20 de septiembre de 2023. La Unión Eléctrica informa  19 09 2023 Situación del SEN para el 19 de septiembre de 2023. La Unión Eléctrica informaPáginas« primero‹ anterior…2345678910…siguiente ›última » ,https://www.minem.gob.cu/es/noticias/situacion-del-sen?page=5
Situación del SEN para el 18 de septiembre de 2023.,https://www.minem.gob.cu/es/noticias/situacion-del-sen/situacion-del-sen-para-el-18-de-septiembre-de-2023,https://www.minem.gob.cu/sites/default/files/styles/imagen_220x220/public/noticias/284586312_894620618599534_7660329440615323138_n_364_4.jpg?itok=fekG3bVc,18 09 2023, La Unión Eléctrica informa,,,
Situación del SEN para el 17 de septiembre de 2023.,https://www.minem.gob.cu/es/noticias/situacion-del-sen/situacion-del-sen-para-el-17-de-septiembre-de-2023,https://www.minem.gob.cu/sites/default/files/styles/imagen_220x220/public/noticias/284586312_894620618599534_7660329440615323138_n_416.jpg?itok=LHSS10vp,17 09 2023, La Unión Eléctrica informa,,,
Situación del SEN para el 16 de septiembre de 2023.,https://www.minem.gob.cu/es/noticias/situacion-del-sen/situacion-del-sen-para-el-16-de-septiembre-de-2023,https://www.minem.gob.cu/sites/default/files/styles/imagen_220x220/public/noticias/284586312_894620618599534_7660329440615323138_n_415.jpg?itok=DmWfFWyN,16 09 2023, La Unión Eléctrica informa,,,
Situación del SEN para el 15 de septiembre de 2023.,https://www.minem.gob.cu/es/noticias/situacion-del-sen/situacion-del-sen-para-el-15-de-septiembre-de-2023,https://www.minem.gob.cu/sites/default/files/styles/imagen_220x220/public/noticias/284586312_894620618599534_7660329440615323138_n_414.jpg?itok=W4pIBIhp,15 09 2023, La Unión Eléctrica informa,,,
Situación del SEN para el 14 de septiembre de 2023.,https://www.minem.gob.cu/es/noticias/situacion-del-sen/situacion-del-sen-para-el-14-de-septiembre-de-2023,https://www.minem.gob.cu/sites/default/files/styles/imagen_220x220/public/noticias/284586312_894620618599534_7660329440615323138_n_413.jpg?itok=v2XAkPB2,14 09 2023, La Unión Eléctrica informa,,,
Situación del SEN para el 13 de septiembre de 2023.,https://www.minem.gob.cu/es/noticias/situacion-del-sen/situacion-del-sen-para-el-13-de-septiembre-de-2023,https://www.minem.gob.cu/sites/default/files/styles/imagen_220x220/public/noticias/284586312_894620618599534_7660329440615323138_n_412.jpg?itok=tgyp3Pvp,13 09 2023, La Unión Eléctrica informa,,,
Situación del SEN para el 12 de septiembre de 2023.,https://www.minem.gob.cu/es/noticias/situacion-del-sen/situacion-del-sen-para-el-12-de-septiembre-de-2023,https://www.minem.gob.cu/sites/default/files/styles/imagen_220x220/public/noticias/284586312_894620618599534_7660329440615323138_n_364_3.jpg?itok=xSXVE0lD,12 09 2023, La Unión Eléctrica informa,,,
Situación del SEN para el 11 de septiembre de 2023.,https://www.minem.gob.cu/es/noticias/situacion-del-sen/situacion-del-sen-para-el-11-de-septiembre-de-2023,https://www.minem.gob.cu/sites/default/files/styles/imagen_220x220/public/noticias/284586312_894620618599534_7660329440615323138_n_411.jpg?itok=q2VMjpmV,11 09 2023, La Unión Eléctrica informa,,,
Situación del SEN para el 10 de septiembre de 2023.,https://www.minem.gob.cu/es/noticias/situacion-del-sen/situacion-del-sen-para-el-10-de-septiembre-de-2023,https://www.minem.gob.cu/sites/default/files/styles/imagen_220x220/public/noticias/284586312_894620618599534_7660329440615323138_n_410.jpg?itok=HzOM_KRA,10 09 2023, La Unión Eléctrica informa,,,
Situación del SEN para el 09 de septiembre de 2023.,https://www.minem.gob.cu/es/noticias/situacion-del-sen/situacion-del-sen-para-el-09-de-septiembre-de-2023,https://www.minem.gob.cu/sites/default/files/styles/imagen_220x220/public/noticias/284586312_894620618599534_7660329440615323138_n_409.jpg?itok=X9XqMCIs,09 09 2023, La Unión Eléctrica informa, Situación del SEN,Usted está aquíInicio / Noticias / Situación del SEN Situación del SEN  #PorUnDesarrolloSostenible para Cuba  Partes diarios de la Unión Eléctrica donde informa la Situación del Servicio Eléctrico Nacional  18 09 2023 Situación del SEN para el 18 de septiembre de 2023. La Unión Eléctrica informa  17 09 2023 Situación del SEN para el 17 de septiembre de 2023. La Unión Eléctrica informa  16 09 2023 Situación del SEN para el 16 de septiembre de 2023. La Unión Eléctrica informa  15 09 2023 Situación del SEN para el 15 de septiembre de 2023. La Unión Eléctrica informa  14 09 2023 Situación del SEN para el 14 de septiembre de 2023. La Unión Eléctrica informa  13 09 2023 Situación del SEN para el 13 de septiembre de 2023. La Unión Eléctrica informa  12 09 2023 Situación del SEN para el 12 de septiembre de 2023. La Unión Eléctrica informa  11 09 2023 Situación del SEN para el 11 de septiembre de 2023. La Unión Eléctrica informa  10 09 2023 Situación del SEN para el 10 de septiembre de 2023. La Unión Eléctrica informa  09 09 2023 Situación del SEN para el 09 de septiembre de 2023. La Unión Eléctrica informaPáginas« primero‹ anterior…34567891011…siguiente ›última » ,https://www.minem.gob.cu/es/noticias/situacion-del-sen?page=6
Situación del SEN para el 08 de septiembre de 2023,https://www.minem.gob.cu/es/noticias/situacion-del-sen/situacion-del-sen-para-el-08-de-septiembre-de-2023,https://www.minem.gob.cu/sites/default/files/styles/imagen_220x220/public/noticias/284586312_894620618599534_7660329440615323138_n_408.jpg?itok=Wr1C1M9X,08 09 2023, La Unión Eléctrica informa,,,
Situación del SEN para el 07 de septiembre de 2023.,https://www.minem.gob.cu/es/noticias/situacion-del-sen/situacion-del-sen-para-el-07-de-septiembre-de-2023,https://www.minem.gob.cu/sites/default/files/styles/imagen_220x220/public/noticias/284586312_894620618599534_7660329440615323138_n_407.jpg?itok=ebkmSa1b,07 09 2023, La Unión Eléctrica informa,,,
Situación del SEN para el 06 de septiembre de 2023.,https://www.minem.gob.cu/es/noticias/situacion-del-sen/situacion-del-sen-para-el-06-de-septiembre-de-2023,https://www.minem.gob.cu/sites/default/files/styles/imagen_220x220/public/noticias/284586312_894620618599534_7660329440615323138_n_405.jpg?itok=e_Ttc5sH,06 09 2023, La Unión Eléctrica informa,,,
Situación del SEN para el 05 de septiembre de 2023.,https://www.minem.gob.cu/es/noticias/situacion-del-sen/situacion-del-sen-para-el-05-de-septiembre-de-2023,https://www.minem.gob.cu/sites/default/files/styles/imagen_220x220/public/noticias/284586312_894620618599534_7660329440615323138_n_406.jpg?itok=HdFr9Wd4,06 09 2023, La Unión Eléctrica informa,,,
Situación del SEN para el 27 de agosto de 2023.,https://www.minem.gob.cu/es/noticias/situacion-del-sen/situacion-del-sen-para-el-27-de-agosto-de-2023,https://www.minem.gob.cu/sites/default/files/styles/imagen_220x220/public/noticias/284586312_894620618599534_7660329440615323138_n_403.jpg?itok=kveoeiw5,27 08 2023, La Unión Eléctrica informa,,,
Situación del SEN para el 26 de agosto de 2023.,https://www.minem.gob.cu/es/noticias/situacion-del-sen/situacion-del-sen-para-el-26-de-agosto-de-2023,https://www.minem.gob.cu/sites/default/files/styles/imagen_220x220/public/noticias/284586312_894620618599534_7660329440615323138_n_402.jpg?itok=XE2d3yoM,26 08 2023, La Unión Eléctrica informa,,,
Situación del SEN para el 25 de agosto de 2023.,https://www.minem.gob.cu/es/noticias/situacion-del-sen/situacion-del-sen-para-el-25-de-agosto-de-2023,https://www.minem.gob.cu/sites/default/files/styles/imagen_220x220/public/noticias/284586312_894620618599534_7660329440615323138_n_401.jpg?itok=a50ma9zC,25 08 2023, La Unión Eléctrica informa,,,
Situación del SEN para el 24 de agosto de 2023.,https://www.minem.gob.cu/es/noticias/situacion-del-sen/situacion-del-sen-para-el-24-de-agosto-de-2023,https://www.minem.gob.cu/sites/default/files/styles/imagen_220x220/public/noticias/363394336_668433348659715_7625839140519925745_n_6.jpg?itok=QaDaaUx0,24 08 2023, La Unión Eléctrica informa,,,
Situación del SEN para el 23 de agosto de 2023.,https://www.minem.gob.cu/es/noticias/situacion-del-sen/situacion-del-sen-para-el-23-de-agosto-de-2023,https://www.minem.gob.cu/sites/default/files/styles/imagen_220x220/public/noticias/284586312_894620618599534_7660329440615323138_n_400.jpg?itok=7vdMWOmA,23 08 2023, La Unión Eléctrica informa,,,
Situación del SEN para el 22 de agosto de 2023.,https://www.minem.gob.cu/es/noticias/situacion-del-sen/situacion-del-sen-para-el-22-de-agosto-de-2023,https://www.minem.gob.cu/sites/default/files/styles/imagen_220x220/public/noticias/363394336_668433348659715_7625839140519925745_n_5.jpg?itok=701Q5I4h,22 08 2023, La Unión Eléctrica informa, Situación del SEN,Usted está aquíInicio / Noticias / Situación del SEN Situación del SEN  #PorUnDesarrolloSostenible para Cuba  Partes diarios de la Unión Eléctrica donde informa la Situación del Servicio Eléctrico Nacional  08 09 2023 Situación del SEN para el 08 de septiembre de 2023 La Unión Eléctrica informa  07 09 2023 Situación del SEN para el 07 de septiembre de 2023. La Unión Eléctrica informa  06 09 2023 Situación del SEN para el 06 de septiembre de 2023. La Unión Eléctrica informa  06 09 2023 Situación del SEN para el 05 de septiembre de 2023. La Unión Eléctrica informa  27 08 2023 Situación del SEN para el 27 de agosto de 2023. La Unión Eléctrica informa  26 08 2023 Situación del SEN para el 26 de agosto de 2023. La Unión Eléctrica informa  25 08 2023 Situación del SEN para el 25 de agosto de 2023. La Unión Eléctrica informa  24 08 2023 Situación del SEN para el 24 de agosto de 2023. La Unión Eléctrica informa  23 08 2023 Situación del SEN para el 23 de agosto de 2023. La Unión Eléctrica informa  22 08 2023 Situación del SEN para el 22 de agosto de 2023. La Unión Eléctrica informaPáginas« primero‹ anterior…456789101112…siguiente ›última » ,https://www.minem.gob.cu/es/noticias/situacion-del-sen?page=7
Situación del SEN para el 21 de agosto de 2023.,https://www.minem.gob.cu/es/noticias/situacion-del-sen/situacion-del-sen-para-el-21-de-agosto-de-2023,https://www.minem.gob.cu/sites/default/files/styles/imagen_220x220/public/noticias/363394336_668433348659715_7625839140519925745_n_4.jpg?itok=-dhQxe3M,21 08 2023, La Unión Eléctrica informa,,,
 Situación del SEN para el 20 de agosto de 2023.,https://www.minem.gob.cu/es/noticias/situacion-del-sen/situacion-del-sen-para-el-20-de-agosto-de-2023,https://www.minem.gob.cu/sites/default/files/styles/imagen_220x220/public/noticias/284586312_894620618599534_7660329440615323138_n_399.jpg?itok=pr_mwpFg,20 08 2023, La Unión Eléctrica informa,,,
Situación del SEN para el 19 de agosto de 2023.,https://www.minem.gob.cu/es/noticias/situacion-del-sen/situacion-del-sen-para-el-19-de-agosto-de-2023,https://www.minem.gob.cu/sites/default/files/styles/imagen_220x220/public/noticias/284586312_894620618599534_7660329440615323138_n_398.jpg?itok=eStfZxTt,19 08 2023, La Unión Eléctrica informa,,,
Situación del SEN para el 18 de agosto de 2023.,https://www.minem.gob.cu/es/noticias/situacion-del-sen/situacion-del-sen-para-el-18-de-agosto-de-2023,https://www.minem.gob.cu/sites/default/files/styles/imagen_220x220/public/noticias/363394336_668433348659715_7625839140519925745_n_3.jpg?itok=9lZPofqy,18 08 2023, La Unión Eléctrica informa,,,
Situación del SEN para el 17 de agosto de 2023.,https://www.minem.gob.cu/es/noticias/situacion-del-sen/situacion-del-sen-para-el-17-de-agosto-de-2023,https://www.minem.gob.cu/sites/default/files/styles/imagen_220x220/public/noticias/363394336_668433348659715_7625839140519925745_n_2.jpg?itok=x2CjSwHy,17 08 2023, La Unión Eléctrica informa,,,
Situación del SEN para el 16 de agosto de 2023.,https://www.minem.gob.cu/es/noticias/situacion-del-sen/situacion-del-sen-para-el-16-de-agosto-de-2023,https://www.minem.gob.cu/sites/default/files/styles/imagen_220x220/public/noticias/284586312_894620618599534_7660329440615323138_n_397.jpg?itok=O_p3yxsg,16 08 2023, La Unión Eléctrica informa,,,
Situación del SEN para el 15 de agosto de 2023.,https://www.minem.gob.cu/es/noticias/situacion-del-sen/situacion-del-sen-para-el-15-de-agosto-de-2023,https://www.minem.gob.cu/sites/default/files/styles/imagen_220x220/public/noticias/284586312_894620618599534_7660329440615323138_n_396.jpg?itok=61wYr8Kk,15 08 2023, La Unión Eléctrica informa,,,
Situación del SEN para el 14 de agosto de 2023.,https://www.minem.gob.cu/es/noticias/situacion-del-sen/situacion-del-sen-para-el-14-de-agosto-de-2023,https://www.minem.gob.cu/sites/default/files/styles/imagen_220x220/public/noticias/284586312_894620618599534_7660329440615323138_n_395.jpg?itok=zQ673rdn,14 08 2023, La Unión Eléctrica informa,,,
Situación del SEN para el 13 de agosto de 2023.,https://www.minem.gob.cu/es/noticias/situacion-del-sen/situacion-del-sen-para-el-13-de-agosto-de-2023,https://www.minem.gob.cu/sites/default/files/styles/imagen_220x220/public/noticias/284586312_894620618599534_7660329440615323138_n_394.jpg?itok=vD1xVj1N,13 08 2023, La Unión Eléctrica informa,,,
Situación del SEN para el 12 de agosto de 2023.,https://www.minem.gob.cu/es/noticias/situacion-del-sen/situacion-del-sen-para-el-12-de-agosto-de-2023,https://www.minem.gob.cu/sites/default/files/styles/imagen_220x220/public/noticias/284586312_894620618599534_7660329440615323138_n_393.jpg?itok=rldPjDGH,12 08 2023, La Unión Eléctrica informa, Situación del SEN,Usted está aquíInicio / Noticias / Situación del SEN Situación del SEN  #PorUnDesarrolloSostenible para Cuba  Partes diarios de la Unión Eléctrica donde informa la Situación del Servicio Eléctrico Nacional  21 08 2023 Situación del SEN para el 21 de agosto de 2023. La Unión Eléctrica informa  20 08 2023  Situación del SEN para el 20 de agosto de 2023. La Unión Eléctrica informa  19 08 2023 Situación del SEN para el 19 de agosto de 2023. La Unión Eléctrica informa  18 08 2023 Situación del SEN para el 18 de agosto de 2023. La Unión Eléctrica informa  17 08 2023 Situación del SEN para el 17 de agosto de 2023. La Unión Eléctrica informa  16 08 2023 Situación del SEN para el 16 de agosto de 2023. La Unión Eléctrica informa  15 08 2023 Situación del SEN para el 15 de agosto de 2023. La Unión Eléctrica informa  14 08 2023 Situación del SEN para el 14 de agosto de 2023. La Unión Eléctrica informa  13 08 2023 Situación del SEN para el 13 de agosto de 2023. La Unión Eléctrica informa  12 08 2023 Situación del SEN para el 12 de agosto de 2023. La Unión Eléctrica informaPáginas« primero‹ anterior…5678910111213…siguiente ›última » ,https://www.minem.gob.cu/es/noticias/situacion-del-sen?page=8
Situación del SEN para el 11 de agosto de 2023.,https://www.minem.gob.cu/es/noticias/situacion-del-sen/situacion-del-sen-para-el-11-de-agosto-de-2023,https://www.minem.gob.cu/sites/default/files/styles/imagen_220x220/public/noticias/363394336_668433348659715_7625839140519925745_n_1.jpg?itok=o9z-03cS,11 08 2023, La Unión Eléctrica informa,,,
Situación del SEN para el 10 de agosto de 2023.,https://www.minem.gob.cu/es/noticias/situacion-del-sen/situacion-del-sen-para-el-10-de-agosto-de-2023,https://www.minem.gob.cu/sites/default/files/styles/imagen_220x220/public/noticias/363394336_668433348659715_7625839140519925745_n_0.jpg?itok=0dnIIMN5,10 08 2023, La Unión Eléctrica informa,,,
Situación del SEN para el 09 de agosto de 2023.,https://www.minem.gob.cu/es/noticias/situacion-del-sen/situacion-del-sen-para-el-09-de-agosto-de-2023,https://www.minem.gob.cu/sites/default/files/styles/imagen_220x220/public/noticias/284586312_894620618599534_7660329440615323138_n_392.jpg?itok=VA9xgBOH,09 08 2023, La Unión Eléctrica informa,,,
Situación del SEN para el 08 de agosto de 2023.,https://www.minem.gob.cu/es/noticias/situacion-del-sen/situacion-del-sen-para-el-08-de-agosto-de-2023,https://www.minem.gob.cu/sites/default/files/styles/imagen_220x220/public/noticias/284586312_894620618599534_7660329440615323138_n_391.jpg?itok=gW2CTg7k,08 08 2023, La Unión Eléctrica informa,,,
Situación del SEN para el 07 de agosto de 2023.,https://www.minem.gob.cu/es/noticias/situacion-del-sen/situacion-del-sen-para-el-07-de-agosto-de-2023,https://www.minem.gob.cu/sites/default/files/styles/imagen_220x220/public/noticias/284586312_894620618599534_7660329440615323138_n_390.jpg?itok=n7c0eu__,07 08 2023, La Unión Eléctrica informa,,,
Situación del SEN para el 06 de agosto de 2023.,https://www.minem.gob.cu/es/noticias/situacion-del-sen/situacion-del-sen-para-el-06-de-agosto-de-2023,https://www.minem.gob.cu/sites/default/files/styles/imagen_220x220/public/noticias/284586312_894620618599534_7660329440615323138_n_389.jpg?itok=yNL65xtQ,06 08 2023, La Unión Eléctrica informa,,,
Situación del SEN para el 05 de agosto de 2023.,https://www.minem.gob.cu/es/noticias/situacion-del-sen/situacion-del-sen-para-el-05-de-agosto-de-2023,https://www.minem.gob.cu/sites/default/files/styles/imagen_220x220/public/noticias/284586312_894620618599534_7660329440615323138_n_388.jpg?itok=9HQ6WhS_,05 08 2023, La Unión Eléctrica informa,,,
Situación del SEN para el 04 de agosto de 2023.,https://www.minem.gob.cu/es/noticias/situacion-del-sen/situacion-del-sen-para-el-04-de-agosto-de-2023,https://www.minem.gob.cu/sites/default/files/styles/imagen_220x220/public/noticias/363394336_668433348659715_7625839140519925745_n.jpg?itok=61vtADFw,04 08 2023, La Unión Eléctrica informa,,,
Situación del SEN para el 03 de agosto de 2023.,https://www.minem.gob.cu/es/noticias/situacion-del-sen/situacion-del-sen-para-el-03-de-agosto-de-2023,https://www.minem.gob.cu/sites/default/files/styles/imagen_220x220/public/noticias/310684864_468485111965229_8727973611952072554_n_13.jpg?itok=GrrDaDoZ,03 08 2023, La Unión Eléctrica informa,,,
Situación del SEN para el 02 de agosto de 2023.,https://www.minem.gob.cu/es/noticias/situacion-del-sen/situacion-del-sen-para-el-02-de-agosto-de-2023,https://www.minem.gob.cu/sites/default/files/styles/imagen_220x220/public/noticias/284586312_894620618599534_7660329440615323138_n_387.jpg?itok=EJGCB_v_,02 08 2023, La Unión Eléctrica informa, Situación del SEN,Usted está aquíInicio / Noticias / Situación del SEN Situación del SEN  #PorUnDesarrolloSostenible para Cuba  Partes diarios de la Unión Eléctrica donde informa la Situación del Servicio Eléctrico Nacional  11 08 2023 Situación del SEN para el 11 de agosto de 2023. La Unión Eléctrica informa  10 08 2023 Situación del SEN para el 10 de agosto de 2023. La Unión Eléctrica informa  09 08 2023 Situación del SEN para el 09 de agosto de 2023. La Unión Eléctrica informa  08 08 2023 Situación del SEN para el 08 de agosto de 2023. La Unión Eléctrica informa  07 08 2023 Situación del SEN para el 07 de agosto de 2023. La Unión Eléctrica informa  06 08 2023 Situación del SEN para el 06 de agosto de 2023. La Unión Eléctrica informa  05 08 2023 Situación del SEN para el 05 de agosto de 2023. La Unión Eléctrica informa  04 08 2023 Situación del SEN para el 04 de agosto de 2023. La Unión Eléctrica informa  03 08 2023 Situación del SEN para el 03 de agosto de 2023. La Unión Eléctrica informa  02 08 2023 Situación del SEN para el 02 de agosto de 2023. La Unión Eléctrica informaPáginas« primero‹ anterior…67891011121314…siguiente ›última » ,https://www.minem.gob.cu/es/noticias/situacion-del-sen?page=9
Situación del SEN para el 01 de agosto de 2023.,https://www.minem.gob.cu/es/noticias/situacion-del-sen/situacion-del-sen-para-el-01-de-agosto-de-2023,https://www.minem.gob.cu/sites/default/files/styles/imagen_220x220/public/noticias/284586312_894620618599534_7660329440615323138_n_386.jpg?itok=kSVYvFt2,01 08 2023, La Unión Eléctrica informa,,,
Situación del SEN para el 31 de julio de 2023.,https://www.minem.gob.cu/es/noticias/situacion-del-sen/situacion-del-sen-para-el-31-de-julio-de-2023,https://www.minem.gob.cu/sites/default/files/styles/imagen_220x220/public/noticias/284586312_894620618599534_7660329440615323138_n_385.jpg?itok=yNOklnnc,31 07 2023, La Unión Eléctrica informa,,,
Situación del SEN para el 30 de julio de 2023.,https://www.minem.gob.cu/es/noticias/situacion-del-sen/situacion-del-sen-para-el-30-de-julio-de-2023,https://www.minem.gob.cu/sites/default/files/styles/imagen_220x220/public/noticias/284586312_894620618599534_7660329440615323138_n_384.jpg?itok=1JaDvUkR,30 07 2023, La Unión Eléctrica informa,,,
Situación del SEN para el 29 de julio de 2023.,https://www.minem.gob.cu/es/noticias/situacion-del-sen/situacion-del-sen-para-el-29-de-julio-de-2023,https://www.minem.gob.cu/sites/default/files/styles/imagen_220x220/public/noticias/284586312_894620618599534_7660329440615323138_n_383.jpg?itok=DjohWVpk,29 07 2023, La Unión Eléctrica informa,,,
Situación del SEN para el 28 de julio de 2023. ,https://www.minem.gob.cu/es/noticias/situacion-del-sen/situacion-del-sen-para-el-28-de-julio-de-2023,https://www.minem.gob.cu/sites/default/files/styles/imagen_220x220/public/noticias/284586312_894620618599534_7660329440615323138_n_382.jpg?itok=hMjOh9QB,28 07 2023, La Unión Eléctrica informa,,,
Situación del SEN para el 27 de julio de 2023.,https://www.minem.gob.cu/es/noticias/situacion-del-sen/situacion-del-sen-para-el-27-de-julio-de-2023,https://www.minem.gob.cu/sites/default/files/styles/imagen_220x220/public/noticias/284586312_894620618599534_7660329440615323138_n_381.jpg?itok=Ak37zdQZ,27 07 2023, La Unión Eléctrica informa,,,
Situación del SEN para el 26 de julio de 2023.,https://www.minem.gob.cu/es/noticias/situacion-del-sen/situacion-del-sen-para-el-26-de-julio-de-2023,https://www.minem.gob.cu/sites/default/files/styles/imagen_220x220/public/noticias/284586312_894620618599534_7660329440615323138_n_380.jpg?itok=tYWpAf8C,26 07 2023, La Unión Eléctrica informa,,,
Situación del SEN para el 25 de julio de 2023.,https://www.minem.gob.cu/es/noticias/situacion-del-sen/situacion-del-sen-para-el-25-de-julio-de-2023,https://www.minem.gob.cu/sites/default/files/styles/imagen_220x220/public/noticias/284586312_894620618599534_7660329440615323138_n_379.jpg?itok=7gp_fltR,25 07 2023, La Unión Eléctrica informa,,,
Situación del SEN para el 24 de julio de 2023.,https://www.minem.gob.cu/es/noticias/situacion-del-sen/situacion-del-sen-para-el-24-de-julio-de-2023,https://www.minem.gob.cu/sites/default/files/styles/imagen_220x220/public/noticias/284586312_894620618599534_7660329440615323138_n_378.jpg?itok=F6sxiwzN,24 07 2023, La Unión Eléctrica informa,,,
Situación del SEN para el 23 de julio de 2023.,https://www.minem.gob.cu/es/noticias/situacion-del-sen/situacion-del-sen-para-el-23-de-julio-de-2023,https://www.minem.gob.cu/sites/default/files/styles/imagen_220x220/public/noticias/284586312_894620618599534_7660329440615323138_n_376.jpg?itok=StphtVuE,23 07 2023, La Unión Eléctrica informa, Situación del SEN,Usted está aquíInicio / Noticias / Situación del SEN Situación del SEN  #PorUnDesarrolloSostenible para Cuba  Partes diarios de la Unión Eléctrica donde informa la Situación del Servicio Eléctrico Nacional  01 08 2023 Situación del SEN para el 01 de agosto de 2023. La Unión Eléctrica informa  31 07 2023 Situación del SEN para el 31 de julio de 2023. La Unión Eléctrica informa  30 07 2023 Situación del SEN para el 30 de julio de 2023. La Unión Eléctrica informa  29 07 2023 Situación del SEN para el 29 de julio de 2023. La Unión Eléctrica informa  28 07 2023 Situación del SEN para el 28 de julio de 2023.  La Unión Eléctrica informa  27 07 2023 Situación del SEN para el 27 de julio de 2023. La Unión Eléctrica informa  26 07 2023 Situación del SEN para el 26 de julio de 2023. La Unión Eléctrica informa  25 07 2023 Situación del SEN para el 25 de julio de 2023. La Unión Eléctrica informa  24 07 2023 Situación del SEN para el 24 de julio de 2023. La Unión Eléctrica informa  23 07 2023 Situación del SEN para el 23 de julio de 2023. La Unión Eléctrica informaPáginas« primero‹ anterior…789101112131415…siguiente ›última » ,https://www.minem.gob.cu/es/noticias/situacion-del-sen?page=10
Situación del SEN para el 22 de julio de 2023.,https://www.minem.gob.cu/es/noticias/situacion-del-sen/situacion-del-sen-para-el-22-de-julio-de-2023,https://www.minem.gob.cu/sites/default/files/styles/imagen_220x220/public/noticias/284586312_894620618599534_7660329440615323138_n_377.jpg?itok=BaPc7hUs,22 07 2023, La Unión Eléctrica informa,,,
Situación del SEN para el 21 de julio de 2023.,https://www.minem.gob.cu/es/noticias/situacion-del-sen/situacion-del-sen-para-el-21-de-julio-de-2023,https://www.minem.gob.cu/sites/default/files/styles/imagen_220x220/public/noticias/284586312_894620618599534_7660329440615323138_n_373.jpg?itok=PWSOWw-X,21 07 2023, La Unión Eléctrica informa,,,
Situación del SEN para el 20 de julio de 2023.,https://www.minem.gob.cu/es/noticias/situacion-del-sen/situacion-del-sen-para-el-20-de-julio-de-2023,https://www.minem.gob.cu/sites/default/files/styles/imagen_220x220/public/noticias/284586312_894620618599534_7660329440615323138_n_375.jpg?itok=u9LZy9qy,20 07 2023, La Unión Eléctrica informa,,,
Situación del SEN para el 19 de julio de 2023.,https://www.minem.gob.cu/es/noticias/situacion-del-sen/situacion-del-sen-para-el-19-de-julio-de-2023,https://www.minem.gob.cu/sites/default/files/styles/imagen_220x220/public/noticias/284586312_894620618599534_7660329440615323138_n_374.jpg?itok=D-fV5dXH,19 07 2023, La Unión Eléctrica informa,,,
Situación del SEN para el 18 de julio de 2023.,https://www.minem.gob.cu/es/noticias/situacion-del-sen/situacion-del-sen-para-el-18-de-julio-de-2023,https://www.minem.gob.cu/sites/default/files/styles/imagen_220x220/public/noticias/284586312_894620618599534_7660329440615323138_n_372.jpg?itok=3Xn2onqS,18 07 2023, La Unión Eléctrica informa,,,
Situación del SEN para el 17 de julio de 2023.,https://www.minem.gob.cu/es/noticias/situacion-del-sen/situacion-del-sen-para-el-17-de-julio-de-2023,https://www.minem.gob.cu/sites/default/files/styles/imagen_220x220/public/noticias/284586312_894620618599534_7660329440615323138_n_368.jpg?itok=HqzBkMOX,17 07 2023, La Unión Eléctrica informa,,,
Situación del SEN para el 14 de julio de 2023.,https://www.minem.gob.cu/es/noticias/situacion-del-sen/situacion-del-sen-para-el-14-de-julio-de-2023,https://www.minem.gob.cu/sites/default/files/styles/imagen_220x220/public/noticias/284586312_894620618599534_7660329440615323138_n_371.jpg?itok=J6sLCQm1,17 07 2023, La Unión Eléctrica informa,,,
Situación del SEN para el 16 de julio de 2023.,https://www.minem.gob.cu/es/noticias/situacion-del-sen/situacion-del-sen-para-el-16-de-julio-de-2023,https://www.minem.gob.cu/sites/default/files/styles/imagen_220x220/public/noticias/284586312_894620618599534_7660329440615323138_n_369.jpg?itok=dXss-DHE,17 07 2023, La Unión Eléctrica informa,,,
Situación del SEN para el 15 de julio de 2023.,https://www.minem.gob.cu/es/noticias/situacion-del-sen/situacion-del-sen-para-el-15-de-julio-de-2023,https://www.minem.gob.cu/sites/default/files/styles/imagen_220x220/public/noticias/284586312_894620618599534_7660329440615323138_n_370.jpg?itok=6443IlzT,17 07 2023, La Unión Eléctrica informa,,,
Situación del SEN para el 13 de julio de 2023.,https://www.minem.gob.cu/es/noticias/situacion-del-sen/situacion-del-sen-para-el-13-de-julio-de-2023,https://www.minem.gob.cu/sites/default/files/styles/imagen_220x220/public/noticias/284586312_894620618599534_7660329440615323138_n_364_2.jpg?itok=TnKv_Bab,13 07 2023, La Unión Eléctrica informa:, Situación del SEN,Usted está aquíInicio / Noticias / Situación del SEN Situación del SEN  #PorUnDesarrolloSostenible para Cuba  Partes diarios de la Unión Eléctrica donde informa la Situación del Servicio Eléctrico Nacional  22 07 2023 Situación del SEN para el 22 de julio de 2023. La Unión Eléctrica informa  21 07 2023 Situación del SEN para el 21 de julio de 2023. La Unión Eléctrica informa  20 07 2023 Situación del SEN para el 20 de julio de 2023. La Unión Eléctrica informa  19 07 2023 Situación del SEN para el 19 de julio de 2023. La Unión Eléctrica informa  18 07 2023 Situación del SEN para el 18 de julio de 2023. La Unión Eléctrica informa  17 07 2023 Situación del SEN para el 17 de julio de 2023. La Unión Eléctrica informa  17 07 2023 Situación del SEN para el 14 de julio de 2023. La Unión Eléctrica informa  17 07 2023 Situación del SEN para el 16 de julio de 2023. La Unión Eléctrica informa  17 07 2023 Situación del SEN para el 15 de julio de 2023. La Unión Eléctrica informa  13 07 2023 Situación del SEN para el 13 de julio de 2023. La Unión Eléctrica informa:Páginas« primero‹ anterior…8910111213141516…siguiente ›última » ,https://www.minem.gob.cu/es/noticias/situacion-del-sen?page=11
Situación del SEN para el 12 de julio de 2023.,https://www.minem.gob.cu/es/noticias/situacion-del-sen/situacion-del-sen-para-el-12-de-julio-de-2023,https://www.minem.gob.cu/sites/default/files/styles/imagen_220x220/public/noticias/284586312_894620618599534_7660329440615323138_n_364_1.jpg?itok=BtI_5i_l,12 07 2023, La Unión Eléctrica informa:,,,
Situación del SEN para el 11 de julio de 2023.,https://www.minem.gob.cu/es/noticias/situacion-del-sen/situacion-del-sen-para-el-11-de-julio-de-2023,https://www.minem.gob.cu/sites/default/files/styles/imagen_220x220/public/noticias/284586312_894620618599534_7660329440615323138_n_367.jpg?itok=DdHHTXnq,11 07 2023, La Unión Eléctrica informa,,,
Situación del SEN para el 10 de julio de 2023.,https://www.minem.gob.cu/es/noticias/situacion-del-sen/situacion-del-sen-para-el-10-de-julio-de-2023,https://www.minem.gob.cu/sites/default/files/styles/imagen_220x220/public/noticias/284586312_894620618599534_7660329440615323138_n_366.jpg?itok=uf64UbhY,10 07 2023, La Unión Eléctrica informa:,,,
Situación del SEN para el 08 de julio de 2023.,https://www.minem.gob.cu/es/noticias/situacion-del-sen/situacion-del-sen-para-el-08-de-julio-de-2023,https://www.minem.gob.cu/sites/default/files/styles/imagen_220x220/public/noticias/284586312_894620618599534_7660329440615323138_n_365.jpg?itok=SSIWfR2q,08 07 2023, La Unión Eléctrica informa,,,
Situación del SEN para el 07 de julio de 2023.,https://www.minem.gob.cu/es/noticias/situacion-del-sen/situacion-del-sen-para-el-07-de-julio-de-2023,https://www.minem.gob.cu/sites/default/files/styles/imagen_220x220/public/noticias/284586312_894620618599534_7660329440615323138_n_364_0.jpg?itok=g6MG4emd,07 07 2023, La Unión Eléctrica informa,,,
Situación del SEN para el 06 de julio de 2023.,https://www.minem.gob.cu/es/noticias/situacion-del-sen/situacion-del-sen-para-el-06-de-julio-de-2023,https://www.minem.gob.cu/sites/default/files/styles/imagen_220x220/public/noticias/284586312_894620618599534_7660329440615323138_n_364.jpg?itok=1XWwkpKr,06 07 2023, La Unión Eléctrica informa,,,
Situación del SEN para el 05 de julio de 2023.,https://www.minem.gob.cu/es/noticias/situacion-del-sen/situacion-del-sen-para-el-05-de-julio-de-2023,https://www.minem.gob.cu/sites/default/files/styles/imagen_220x220/public/noticias/284586312_894620618599534_7660329440615323138_n_363.jpg?itok=hvnmFOuy,05 07 2023, La Unión Eléctrica informa,,,
Situación del SEN para el 04 de julio de 2023.,https://www.minem.gob.cu/es/noticias/situacion-del-sen/situacion-del-sen-para-el-04-de-julio-de-2023,https://www.minem.gob.cu/sites/default/files/styles/imagen_220x220/public/noticias/284586312_894620618599534_7660329440615323138_n_362.jpg?itok=Qm4DUFK-,03 07 2023, La Unión Eléctrica informa,,,
Situación del SEN para el 03 de julio de 2023.,https://www.minem.gob.cu/es/noticias/situacion-del-sen/situacion-del-sen-para-el-03-de-julio-de-2023,https://www.minem.gob.cu/sites/default/files/styles/imagen_220x220/public/noticias/284586312_894620618599534_7660329440615323138_n_361.jpg?itok=xOvBvIeM,03 07 2023, La Unión Eléctrica informa,,,
Situación del SEN para el 02 de julio de 2023.,https://www.minem.gob.cu/es/noticias/situacion-del-sen/situacion-del-sen-para-el-02-de-julio-de-2023,https://www.minem.gob.cu/sites/default/files/styles/imagen_220x220/public/noticias/284586312_894620618599534_7660329440615323138_n_360.jpg?itok=W7jUGKay,02 07 2023, La Unión Eléctrica informa, Situación del SEN,Usted está aquíInicio / Noticias / Situación del SEN Situación del SEN  #PorUnDesarrolloSostenible para Cuba  Partes diarios de la Unión Eléctrica donde informa la Situación del Servicio Eléctrico Nacional  12 07 2023 Situación del SEN para el 12 de julio de 2023. La Unión Eléctrica informa:  11 07 2023 Situación del SEN para el 11 de julio de 2023. La Unión Eléctrica informa  10 07 2023 Situación del SEN para el 10 de julio de 2023. La Unión Eléctrica informa:  08 07 2023 Situación del SEN para el 08 de julio de 2023. La Unión Eléctrica informa  07 07 2023 Situación del SEN para el 07 de julio de 2023. La Unión Eléctrica informa  06 07 2023 Situación del SEN para el 06 de julio de 2023. La Unión Eléctrica informa  05 07 2023 Situación del SEN para el 05 de julio de 2023. La Unión Eléctrica informa  03 07 2023 Situación del SEN para el 04 de julio de 2023. La Unión Eléctrica informa  03 07 2023 Situación del SEN para el 03 de julio de 2023. La Unión Eléctrica informa  02 07 2023 Situación del SEN para el 02 de julio de 2023. La Unión Eléctrica informaPáginas« primero‹ anterior…91011121314151617…siguiente ›última » ,https://www.minem.gob.cu/es/noticias/situacion-del-sen?page=12
Situación del SEN para el 01 de julio de 2023.,https://www.minem.gob.cu/es/noticias/situacion-del-sen/situacion-del-sen-para-el-01-de-julio-de-2023,https://www.minem.gob.cu/sites/default/files/styles/imagen_220x220/public/noticias/284586312_894620618599534_7660329440615323138_n_359.jpg?itok=SX2vVLL5,01 07 2023, La Unión Eléctrica informa,,,
Situación del SEN para el 29 de junio de 2023.,https://www.minem.gob.cu/es/noticias/situacion-del-sen/situacion-del-sen-para-el-29-de-junio-de-2023,https://www.minem.gob.cu/sites/default/files/styles/imagen_220x220/public/noticias/284586312_894620618599534_7660329440615323138_n_358.jpg?itok=tMcLCV7o,29 06 2023, La Unión Eléctrica informa,,,
Situación del SEN para el 28 de junio de 2023.,https://www.minem.gob.cu/es/noticias/situacion-del-sen/situacion-del-sen-para-el-28-de-junio-de-2023,https://www.minem.gob.cu/sites/default/files/styles/imagen_220x220/public/noticias/284586312_894620618599534_7660329440615323138_n_357.jpg?itok=BZra484p,28 06 2023, La Unión Eléctrica informa:,,,
Situación del SEN para el 27 de junio de 2023.,https://www.minem.gob.cu/es/noticias/situacion-del-sen/situacion-del-sen-para-el-27-de-junio-de-2023,https://www.minem.gob.cu/sites/default/files/styles/imagen_220x220/public/noticias/310684864_468485111965229_8727973611952072554_n_12.jpg?itok=oUC5N54Y,27 06 2023, La Unión Eléctrica informa,,,
Situación del SEN para el 26 de junio de 2023.,https://www.minem.gob.cu/es/noticias/situacion-del-sen/situacion-del-sen-para-el-26-de-junio-de-2023,https://www.minem.gob.cu/sites/default/files/styles/imagen_220x220/public/noticias/284586312_894620618599534_7660329440615323138_n_356.jpg?itok=CkphoYGu,26 06 2023, La Unión Eléctrica informa:,,,
Situación del SEN para el 25 de junio de 2023.,https://www.minem.gob.cu/es/noticias/situacion-del-sen/situacion-del-sen-para-el-25-de-junio-de-2023,https://www.minem.gob.cu/sites/default/files/styles/imagen_220x220/public/noticias/284586312_894620618599534_7660329440615323138_n_355.jpg?itok=Qd3KYpvp,25 06 2023, La Unión Eléctrica informa,,,
Situación del SEN para el 24 de junio de 2023.,https://www.minem.gob.cu/es/noticias/situacion-del-sen/situacion-del-sen-para-el-24-de-junio-de-2023,https://www.minem.gob.cu/sites/default/files/styles/imagen_220x220/public/noticias/284586312_894620618599534_7660329440615323138_n_354.jpg?itok=QNlBJ2nJ,24 06 2023, La Unión Eléctrica informa,,,
Situación del SEN para el 23 de junio de 2023.,https://www.minem.gob.cu/es/noticias/situacion-del-sen/situacion-del-sen-para-el-23-de-junio-de-2023,https://www.minem.gob.cu/sites/default/files/styles/imagen_220x220/public/noticias/284586312_894620618599534_7660329440615323138_n_353.jpg?itok=WN4S4ptw,23 06 2023, La Unión Eléctrica informa,,,
Situación del SEN para el 22 de junio de 2023.,https://www.minem.gob.cu/es/noticias/situacion-del-sen/situacion-del-sen-para-el-22-de-junio-de-2023,https://www.minem.gob.cu/sites/default/files/styles/imagen_220x220/public/noticias/284586312_894620618599534_7660329440615323138_n_352.jpg?itok=79ngf3Hf,22 06 2023, La Unión Eléctrica informa:,,,
Situación del SEN para el 21 de junio de 2023.,https://www.minem.gob.cu/es/noticias/situacion-del-sen/situacion-del-sen-para-el-21-de-junio-de-2023,https://www.minem.gob.cu/sites/default/files/styles/imagen_220x220/public/noticias/310684864_468485111965229_8727973611952072554_n_11.jpg?itok=1G-4mxES,21 06 2023, La Unión Eléctrica informa, Situación del SEN,Usted está aquíInicio / Noticias / Situación del SEN Situación del SEN  #PorUnDesarrolloSostenible para Cuba  Partes diarios de la Unión Eléctrica donde informa la Situación del Servicio Eléctrico Nacional  01 07 2023 Situación del SEN para el 01 de julio de 2023. La Unión Eléctrica informa  29 06 2023 Situación del SEN para el 29 de junio de 2023. La Unión Eléctrica informa  28 06 2023 Situación del SEN para el 28 de junio de 2023. La Unión Eléctrica informa:  27 06 2023 Situación del SEN para el 27 de junio de 2023. La Unión Eléctrica informa  26 06 2023 Situación del SEN para el 26 de junio de 2023. La Unión Eléctrica informa:  25 06 2023 Situación del SEN para el 25 de junio de 2023. La Unión Eléctrica informa  24 06 2023 Situación del SEN para el 24 de junio de 2023. La Unión Eléctrica informa  23 06 2023 Situación del SEN para el 23 de junio de 2023. La Unión Eléctrica informa  22 06 2023 Situación del SEN para el 22 de junio de 2023. La Unión Eléctrica informa:  21 06 2023 Situación del SEN para el 21 de junio de 2023. La Unión Eléctrica informaPáginas« primero‹ anterior…101112131415161718…siguiente ›última » ,https://www.minem.gob.cu/es/noticias/situacion-del-sen?page=13
Situación del SEN para el 20 de junio de 2023.,https://www.minem.gob.cu/es/noticias/situacion-del-sen/situacion-del-sen-para-el-20-de-junio-de-2023,https://www.minem.gob.cu/sites/default/files/styles/imagen_220x220/public/noticias/284586312_894620618599534_7660329440615323138_n_351.jpg?itok=zG443Cfa,20 06 2023, La Unión Eléctrica informa,,,
Situación del SEN para el 19 de junio de 2023.,https://www.minem.gob.cu/es/noticias/situacion-del-sen/situacion-del-sen-para-el-19-de-junio-de-2023,https://www.minem.gob.cu/sites/default/files/styles/imagen_220x220/public/noticias/284586312_894620618599534_7660329440615323138_n_350.jpg?itok=c0rWx_6B,19 06 2023, La Unión Eléctrica informa,,,
Situación del SEN para el 17 de junio de 2023.,https://www.minem.gob.cu/es/noticias/situacion-del-sen/situacion-del-sen-para-el-17-de-junio-de-2023,https://www.minem.gob.cu/sites/default/files/styles/imagen_220x220/public/noticias/284586312_894620618599534_7660329440615323138_n_349.jpg?itok=jAqqEtm0,17 06 2023, La Unión Eléctrica informa,,,
Situación del SEN para el 16 de junio de 2023.,https://www.minem.gob.cu/es/noticias/situacion-del-sen/situacion-del-sen-para-el-16-de-junio-de-2023,https://www.minem.gob.cu/sites/default/files/styles/imagen_220x220/public/noticias/284586312_894620618599534_7660329440615323138_n_348.jpg?itok=4gBn1oPF,16 06 2023, La Unión Eléctrica informa,,,
Situación del SEN para el 15 de junio de 2023.,https://www.minem.gob.cu/es/noticias/situacion-del-sen/situacion-del-sen-para-el-15-de-junio-de-2023,https://www.minem.gob.cu/sites/default/files/styles/imagen_220x220/public/noticias/284586312_894620618599534_7660329440615323138_n_347.jpg?itok=2ywHUqQE,15 06 2023, La Unión Eléctrica informa,,,
Situación del SEN para el 14 de junio de 2023.,https://www.minem.gob.cu/es/noticias/situacion-del-sen/situacion-del-sen-para-el-14-de-junio-de-2023,https://www.minem.gob.cu/sites/default/files/styles/imagen_220x220/public/noticias/284586312_894620618599534_7660329440615323138_n_346.jpg?itok=6OkkbSM0,14 06 2023, La Unión Eléctrica informa,,,
Situación del SEN para el 12 de junio de 2023.,https://www.minem.gob.cu/es/noticias/situacion-del-sen/situacion-del-sen-para-el-12-de-junio-de-2023,https://www.minem.gob.cu/sites/default/files/styles/imagen_220x220/public/noticias/284586312_894620618599534_7660329440615323138_n_345.jpg?itok=hm4nnzxj,12 06 2023, La Unión Eléctrica informa,,,
Situación del SEN para el 11 de Junio de 2023.,https://www.minem.gob.cu/es/noticias/situacion-del-sen/situacion-del-sen-para-el-11-de-junio-de-2023,https://www.minem.gob.cu/sites/default/files/styles/imagen_220x220/public/noticias/284586312_894620618599534_7660329440615323138_n_344.jpg?itok=f22ybmaX,11 06 2023, La Unión Eléctrica informa,,,
Situación del SEN para el 10 de junio de 2023.,https://www.minem.gob.cu/es/noticias/situacion-del-sen/situacion-del-sen-para-el-10-de-junio-de-2023,https://www.minem.gob.cu/sites/default/files/styles/imagen_220x220/public/noticias/284586312_894620618599534_7660329440615323138_n_343.jpg?itok=pUU-BNU1,10 06 2023, La Unión Eléctrica informa,,,
Situación del SEN para el 09 de junio de 2023.,https://www.minem.gob.cu/es/noticias/situacion-del-sen/situacion-del-sen-para-el-09-de-junio-de-2023,https://www.minem.gob.cu/sites/default/files/styles/imagen_220x220/public/noticias/284586312_894620618599534_7660329440615323138_n_342.jpg?itok=tRMlbdIe,09 06 2023, La Unión Eléctrica informa, Situación del SEN,Usted está aquíInicio / Noticias / Situación del SEN Situación del SEN  #PorUnDesarrolloSostenible para Cuba  Partes diarios de la Unión Eléctrica donde informa la Situación del Servicio Eléctrico Nacional  20 06 2023 Situación del SEN para el 20 de junio de 2023. La Unión Eléctrica informa  19 06 2023 Situación del SEN para el 19 de junio de 2023. La Unión Eléctrica informa  17 06 2023 Situación del SEN para el 17 de junio de 2023. La Unión Eléctrica informa  16 06 2023 Situación del SEN para el 16 de junio de 2023. La Unión Eléctrica informa  15 06 2023 Situación del SEN para el 15 de junio de 2023. La Unión Eléctrica informa  14 06 2023 Situación del SEN para el 14 de junio de 2023. La Unión Eléctrica informa  12 06 2023 Situación del SEN para el 12 de junio de 2023. La Unión Eléctrica informa  11 06 2023 Situación del SEN para el 11 de Junio de 2023. La Unión Eléctrica informa  10 06 2023 Situación del SEN para el 10 de junio de 2023. La Unión Eléctrica informa  09 06 2023 Situación del SEN para el 09 de junio de 2023. La Unión Eléctrica informaPáginas« primero‹ anterior…111213141516171819…siguiente ›última » ,https://www.minem.gob.cu/es/noticias/situacion-del-sen?page=14
Situación del SEN para el 08 de junio de 2023.,https://www.minem.gob.cu/es/noticias/situacion-del-sen/situacion-del-sen-para-el-08-de-junio-de-2023,https://www.minem.gob.cu/sites/default/files/styles/imagen_220x220/public/noticias/284586312_894620618599534_7660329440615323138_n_341.jpg?itok=7y91Hh7i,08 06 2023, La Unión Eléctrica informa,,,
Situación del SEN para el 07 de junio de 2023,https://www.minem.gob.cu/es/noticias/situacion-del-sen/situacion-del-sen-para-el-07-de-junio-de-2023,https://www.minem.gob.cu/sites/default/files/styles/imagen_220x220/public/noticias/284586312_894620618599534_7660329440615323138_n_339.jpg?itok=0NafYA8P,07 06 2023, La Unión Eléctrica informa,,,
Situación del SEN para el 06 de junio de 2023.,https://www.minem.gob.cu/es/noticias/situacion-del-sen/situacion-del-sen-para-el-06-de-junio-de-2023,https://www.minem.gob.cu/sites/default/files/styles/imagen_220x220/public/noticias/284586312_894620618599534_7660329440615323138_n_340.jpg?itok=UtDY9QeZ,06 06 2023, La Unión Eléctrica informa,,,
Situación del SEN para el 05 de junio de 2023.,https://www.minem.gob.cu/es/noticias/situacion-del-sen/situacion-del-sen-para-el-05-de-junio-de-2023,https://www.minem.gob.cu/sites/default/files/styles/imagen_220x220/public/noticias/284586312_894620618599534_7660329440615323138_n_338.jpg?itok=atzZ35R0,05 06 2023, La Unión Eléctrica informa,,,
Situación del SEN para el 03 de junio de 2023.,https://www.minem.gob.cu/es/noticias/situacion-del-sen/situacion-del-sen-para-el-03-de-junio-de-2023,https://www.minem.gob.cu/sites/default/files/styles/imagen_220x220/public/noticias/284586312_894620618599534_7660329440615323138_n_337.jpg?itok=hGku6jm8,03 06 2023, La Unión Eléctrica informa,,,
Situación del SEN para el 02 de junio de 2023.,https://www.minem.gob.cu/es/noticias/situacion-del-sen/situacion-del-sen-para-el-02-de-junio-de-2023,https://www.minem.gob.cu/sites/default/files/styles/imagen_220x220/public/noticias/284586312_894620618599534_7660329440615323138_n_336.jpg?itok=Ca32qv9w,02 06 2023, La Unión Eléctrica informa,,,
Situación del SEN para el 01 de junio de 2023.,https://www.minem.gob.cu/es/noticias/situacion-del-sen/situacion-del-sen-para-el-01-de-junio-de-2023,https://www.minem.gob.cu/sites/default/files/styles/imagen_220x220/public/noticias/284586312_894620618599534_7660329440615323138_n_335.jpg?itok=N_VDJsf3,01 06 2023, La Unión Eléctrica informa,,,
Situación del SEN para el 31 de mayo de 2023.,https://www.minem.gob.cu/es/noticias/situacion-del-sen/situacion-del-sen-para-el-31-de-mayo-de-2023,https://www.minem.gob.cu/sites/default/files/styles/imagen_220x220/public/noticias/284586312_894620618599534_7660329440615323138_n_334.jpg?itok=Pt-3GmX_,31 05 2023, La Unión Eléctrica informa,,,
Situación del SEN para el 30 de mayo de 2023.,https://www.minem.gob.cu/es/noticias/situacion-del-sen/situacion-del-sen-para-el-30-de-mayo-de-2023,https://www.minem.gob.cu/sites/default/files/styles/imagen_220x220/public/noticias/284586312_894620618599534_7660329440615323138_n_333.jpg?itok=S1bV-5lo,30 05 2023, La Unión Eléctrica informa,,,
Situación del SEN para el 29 de mayo de 2023.,https://www.minem.gob.cu/es/noticias/situacion-del-sen/situacion-del-sen-para-el-29-de-mayo-de-2023,https://www.minem.gob.cu/sites/default/files/styles/imagen_220x220/public/noticias/284586312_894620618599534_7660329440615323138_n_332.jpg?itok=_cBKyeEu,29 05 2023, La Unión Eléctrica informa, Situación del SEN,Usted está aquíInicio / Noticias / Situación del SEN Situación del SEN  #PorUnDesarrolloSostenible para Cuba  Partes diarios de la Unión Eléctrica donde informa la Situación del Servicio Eléctrico Nacional  08 06 2023 Situación del SEN para el 08 de junio de 2023. La Unión Eléctrica informa  07 06 2023 Situación del SEN para el 07 de junio de 2023 La Unión Eléctrica informa  06 06 2023 Situación del SEN para el 06 de junio de 2023. La Unión Eléctrica informa  05 06 2023 Situación del SEN para el 05 de junio de 2023. La Unión Eléctrica informa  03 06 2023 Situación del SEN para el 03 de junio de 2023. La Unión Eléctrica informa  02 06 2023 Situación del SEN para el 02 de junio de 2023. La Unión Eléctrica informa  01 06 2023 Situación del SEN para el 01 de junio de 2023. La Unión Eléctrica informa  31 05 2023 Situación del SEN para el 31 de mayo de 2023. La Unión Eléctrica informa  30 05 2023 Situación del SEN para el 30 de mayo de 2023. La Unión Eléctrica informa  29 05 2023 Situación del SEN para el 29 de mayo de 2023. La Unión Eléctrica informaPáginas« primero‹ anterior…121314151617181920…siguiente ›última » ,https://www.minem.gob.cu/es/noticias/situacion-del-sen?page=15
Situación del SEN para el 28 de mayo de 2023.,https://www.minem.gob.cu/es/noticias/situacion-del-sen/situacion-del-sen-para-el-28-de-mayo-de-2023,https://www.minem.gob.cu/sites/default/files/styles/imagen_220x220/public/noticias/284586312_894620618599534_7660329440615323138_n_331.jpg?itok=EdM6c8Ff,28 05 2023, La Unión Eléctrica informa,,,
Situación del SEN para el 27 de mayo de 2023.,https://www.minem.gob.cu/es/noticias/situacion-del-sen/situacion-del-sen-para-el-27-de-mayo-de-2023,https://www.minem.gob.cu/sites/default/files/styles/imagen_220x220/public/noticias/284586312_894620618599534_7660329440615323138_n_330.jpg?itok=cH9p4qKH,27 05 2023, La Unión Eléctrica informa,,,
Situación del SEN para el 26 de mayo de 2023.,https://www.minem.gob.cu/es/noticias/situacion-del-sen/situacion-del-sen-para-el-26-de-mayo-de-2023,https://www.minem.gob.cu/sites/default/files/styles/imagen_220x220/public/noticias/284586312_894620618599534_7660329440615323138_n_329.jpg?itok=_gjSP422,26 05 2023, La Unión Eléctrica informa,,,
Situación del SEN para el 25 de mayo de 2023.,https://www.minem.gob.cu/es/noticias/situacion-del-sen/situacion-del-sen-para-el-25-de-mayo-de-2023,https://www.minem.gob.cu/sites/default/files/styles/imagen_220x220/public/noticias/284586312_894620618599534_7660329440615323138_n_328.jpg?itok=5Av4c8kr,25 05 2023, La Unión Eléctrica informa,,,
Situación del SEN para el 24 de mayo de 2023.,https://www.minem.gob.cu/es/noticias/situacion-del-sen/situacion-del-sen-para-el-24-de-mayo-de-2023,https://www.minem.gob.cu/sites/default/files/styles/imagen_220x220/public/noticias/284586312_894620618599534_7660329440615323138_n_327.jpg?itok=wWGm2OOy,24 05 2023, La Unión Eléctrica informa,,,
Situación del SEN para el 23 de mayo de 2023.,https://www.minem.gob.cu/es/noticias/situacion-del-sen/situacion-del-sen-para-el-23-de-mayo-de-2023,https://www.minem.gob.cu/sites/default/files/styles/imagen_220x220/public/noticias/284586312_894620618599534_7660329440615323138_n_326.jpg?itok=Gglhq2sC,23 05 2023, La Unión Eléctrica informa,,,
Situación del SEN para el 22 de mayo de 2023.,https://www.minem.gob.cu/es/noticias/situacion-del-sen/situacion-del-sen-para-el-22-de-mayo-de-2023,https://www.minem.gob.cu/sites/default/files/styles/imagen_220x220/public/noticias/310684864_468485111965229_8727973611952072554_n_10.jpg?itok=0YihqQSB,22 05 2023, La Unión Eléctrica informa,,,
Situacion del SEN para el 21 de mayo de 2023.,https://www.minem.gob.cu/es/noticias/situacion-del-sen/situacion-del-sen-para-el-21-de-mayo-de-2023,https://www.minem.gob.cu/sites/default/files/styles/imagen_220x220/public/noticias/284586312_894620618599534_7660329440615323138_n_325.jpg?itok=ZDrlAnmD,21 05 2023, La Unión Eléctrica informa,,,
Situación del SEN para el 20 de mayo de 2023.,https://www.minem.gob.cu/es/noticias/situacion-del-sen/situacion-del-sen-para-el-20-de-mayo-de-2023,https://www.minem.gob.cu/sites/default/files/styles/imagen_220x220/public/noticias/284586312_894620618599534_7660329440615323138_n_324.jpg?itok=rsC9B3Wq,20 05 2023, La Unión Eléctrica informa,,,
Situación del SEN para el 19 de mayo de 2023.,https://www.minem.gob.cu/es/noticias/situacion-del-sen/situacion-del-sen-para-el-19-de-mayo-de-2023,https://www.minem.gob.cu/sites/default/files/styles/imagen_220x220/public/noticias/284586312_894620618599534_7660329440615323138_n_323.jpg?itok=4oTeDSU8,19 05 2023, La Unión Eléctrica informa, Situación del SEN,Usted está aquíInicio / Noticias / Situación del SEN Situación del SEN  #PorUnDesarrolloSostenible para Cuba  Partes diarios de la Unión Eléctrica donde informa la Situación del Servicio Eléctrico Nacional  28 05 2023 Situación del SEN para el 28 de mayo de 2023. La Unión Eléctrica informa  27 05 2023 Situación del SEN para el 27 de mayo de 2023. La Unión Eléctrica informa  26 05 2023 Situación del SEN para el 26 de mayo de 2023. La Unión Eléctrica informa  25 05 2023 Situación del SEN para el 25 de mayo de 2023. La Unión Eléctrica informa  24 05 2023 Situación del SEN para el 24 de mayo de 2023. La Unión Eléctrica informa  23 05 2023 Situación del SEN para el 23 de mayo de 2023. La Unión Eléctrica informa  22 05 2023 Situación del SEN para el 22 de mayo de 2023. La Unión Eléctrica informa  21 05 2023 Situacion del SEN para el 21 de mayo de 2023. La Unión Eléctrica informa  20 05 2023 Situación del SEN para el 20 de mayo de 2023. La Unión Eléctrica informa  19 05 2023 Situación del SEN para el 19 de mayo de 2023. La Unión Eléctrica informaPáginas« primero‹ anterior…131415161718192021…siguiente ›última » ,https://www.minem.gob.cu/es/noticias/situacion-del-sen?page=16
Situación del SEN para el 18 de mayo de 2023.,https://www.minem.gob.cu/es/noticias/situacion-del-sen/situacion-del-sen-para-el-18-de-mayo-de-2023,https://www.minem.gob.cu/sites/default/files/styles/imagen_220x220/public/noticias/310684864_468485111965229_8727973611952072554_n_9.jpg?itok=K-M3IYOT,18 05 2023, La Unión Eléctrica informa,,,
Situación del SEN para el 17 de mayo de 2023.,https://www.minem.gob.cu/es/noticias/situacion-del-sen/situacion-del-sen-para-el-17-de-mayo-de-2023,https://www.minem.gob.cu/sites/default/files/styles/imagen_220x220/public/noticias/284586312_894620618599534_7660329440615323138_n_322.jpg?itok=RuFf_UIZ,17 05 2023, La Unión Eléctrica informa,,,
Situación del SEN para el 16 de mayo de 2023.,https://www.minem.gob.cu/es/noticias/situacion-del-sen/situacion-del-sen-para-el-16-de-mayo-de-2023,https://www.minem.gob.cu/sites/default/files/styles/imagen_220x220/public/noticias/284586312_894620618599534_7660329440615323138_n_321.jpg?itok=dIaOhxph,16 05 2023, La Unión Eléctrica informa,,,
Situación del SEN para el 15 de mayo de 2023.,https://www.minem.gob.cu/es/noticias/situacion-del-sen/situacion-del-sen-para-el-15-de-mayo-de-2023,https://www.minem.gob.cu/sites/default/files/styles/imagen_220x220/public/noticias/284586312_894620618599534_7660329440615323138_n_320.jpg?itok=jENAN_X0,15 05 2023, La Unión Eléctrica informa,,,
Situación del SEN para el 14 de mayo de 2023.,https://www.minem.gob.cu/es/noticias/situacion-del-sen/situacion-del-sen-para-el-14-de-mayo-de-2023,https://www.minem.gob.cu/sites/default/files/styles/imagen_220x220/public/noticias/284586312_894620618599534_7660329440615323138_n_319.jpg?itok=X1rw4pxF,14 05 2023, La Unión Eléctrica informa,,,
Situación del SEN para el 13 de mayo de 2023.,https://www.minem.gob.cu/es/noticias/situacion-del-sen/situacion-del-sen-para-el-13-de-mayo-de-2023,https://www.minem.gob.cu/sites/default/files/styles/imagen_220x220/public/noticias/284586312_894620618599534_7660329440615323138_n_318.jpg?itok=kjXG9UDl,13 05 2023, La Unión Eléctrica informa,,,
Situación del SEN para el 12 de mayo de 2023.,https://www.minem.gob.cu/es/noticias/situacion-del-sen/situacion-del-sen-para-el-12-de-mayo-de-2023,https://www.minem.gob.cu/sites/default/files/styles/imagen_220x220/public/noticias/284586312_894620618599534_7660329440615323138_n_317.jpg?itok=77i4p1Y6,12 05 2023, La Unión Eléctrica informa,,,
Situación del SEN para el 11 de mayo de 2023.,https://www.minem.gob.cu/es/noticias/situacion-del-sen/situacion-del-sen-para-el-11-de-mayo-de-2023,https://www.minem.gob.cu/sites/default/files/styles/imagen_220x220/public/noticias/284586312_894620618599534_7660329440615323138_n_316.jpg?itok=e_3aKz0S,11 05 2023, La Unión Eléctrica informa,,,
Situación del SEN para el 10 de mayo de 2023.,https://www.minem.gob.cu/es/noticias/situacion-del-sen/situacion-del-sen-para-el-10-de-mayo-de-2023,https://www.minem.gob.cu/sites/default/files/styles/imagen_220x220/public/noticias/284586312_894620618599534_7660329440615323138_n_315.jpg?itok=HLzBRGTL,10 05 2023, La Unión Eléctrica informa,,,
Situación del SEN para el 9 de mayo de 2023.,https://www.minem.gob.cu/es/noticias/situacion-del-sen/situacion-del-sen-para-el-9-de-mayo-de-2023,https://www.minem.gob.cu/sites/default/files/styles/imagen_220x220/public/noticias/284586312_894620618599534_7660329440615323138_n_314.jpg?itok=aJA8GP6J,09 05 2023, La Unión Eléctrica informa, Situación del SEN,Usted está aquíInicio / Noticias / Situación del SEN Situación del SEN  #PorUnDesarrolloSostenible para Cuba  Partes diarios de la Unión Eléctrica donde informa la Situación del Servicio Eléctrico Nacional  18 05 2023 Situación del SEN para el 18 de mayo de 2023. La Unión Eléctrica informa  17 05 2023 Situación del SEN para el 17 de mayo de 2023. La Unión Eléctrica informa  16 05 2023 Situación del SEN para el 16 de mayo de 2023. La Unión Eléctrica informa  15 05 2023 Situación del SEN para el 15 de mayo de 2023. La Unión Eléctrica informa  14 05 2023 Situación del SEN para el 14 de mayo de 2023. La Unión Eléctrica informa  13 05 2023 Situación del SEN para el 13 de mayo de 2023. La Unión Eléctrica informa  12 05 2023 Situación del SEN para el 12 de mayo de 2023. La Unión Eléctrica informa  11 05 2023 Situación del SEN para el 11 de mayo de 2023. La Unión Eléctrica informa  10 05 2023 Situación del SEN para el 10 de mayo de 2023. La Unión Eléctrica informa  09 05 2023 Situación del SEN para el 9 de mayo de 2023. La Unión Eléctrica informaPáginas« primero‹ anterior…141516171819202122…siguiente ›última » ,https://www.minem.gob.cu/es/noticias/situacion-del-sen?page=17
Situación del SEN para el 8 de mayo de 2023.,https://www.minem.gob.cu/es/noticias/situacion-del-sen/situacion-del-sen-para-el-8-de-mayo-de-2023,https://www.minem.gob.cu/sites/default/files/styles/imagen_220x220/public/noticias/284586312_894620618599534_7660329440615323138_n_313.jpg?itok=4DifhJjh,08 05 2023, La Unión Eléctrica informa,,,
Situación del SEN para el 6 de mayo de 2023,https://www.minem.gob.cu/es/noticias/situacion-del-sen/situacion-del-sen-para-el-6-de-mayo-de-2023,https://www.minem.gob.cu/sites/default/files/styles/imagen_220x220/public/noticias/284586312_894620618599534_7660329440615323138_n_312.jpg?itok=oIE061Sw,06 05 2023, La Unión Eléctrica informa,,,
Situación del SEN para el 5 de mayo de 2023 ,https://www.minem.gob.cu/es/noticias/situacion-del-sen/situacion-del-sen-para-el-5-de-mayo-de-2023,https://www.minem.gob.cu/sites/default/files/styles/imagen_220x220/public/noticias/284586312_894620618599534_7660329440615323138_n_311.jpg?itok=IAfaGx4p,05 05 2023, La Unión Eléctrica informa,,,
Situación del SEN para el 4 de mayo de 2023.,https://www.minem.gob.cu/es/noticias/situacion-del-sen/situacion-del-sen-para-el-4-de-mayo-de-2023,https://www.minem.gob.cu/sites/default/files/styles/imagen_220x220/public/noticias/284586312_894620618599534_7660329440615323138_n_310.jpg?itok=J1-28W9p,04 05 2023, La Unión Eléctrica informa,,,
Situación del SEN para el 03 de mayo de 2023.,https://www.minem.gob.cu/es/noticias/situacion-del-sen/situacion-del-sen-para-el-03-de-mayo-de-2023,https://www.minem.gob.cu/sites/default/files/styles/imagen_220x220/public/noticias/284586312_894620618599534_7660329440615323138_n_309.jpg?itok=5ML-5SlM,03 05 2023, La Unión Eléctrica informa,,,
Situación del SEN para el 02 de mayo de 2023.,https://www.minem.gob.cu/es/noticias/situacion-del-sen/situacion-del-sen-para-el-02-de-mayo-de-2023,https://www.minem.gob.cu/sites/default/files/styles/imagen_220x220/public/noticias/310684864_468485111965229_8727973611952072554_n_8.jpg?itok=LzSa010i,02 05 2023, La Unión Eléctrica informa,,,
Situación del SEN para el 1 de mayo de 2023.,https://www.minem.gob.cu/es/noticias/situacion-del-sen/situacion-del-sen-para-el-1-de-mayo-de-2023,https://www.minem.gob.cu/sites/default/files/styles/imagen_220x220/public/noticias/284586312_894620618599534_7660329440615323138_n_308.jpg?itok=vEvO2kxm,01 05 2023, La Unión Eléctrica informa,,,
Situación del SEN para el 30 de abril de 2023.,https://www.minem.gob.cu/es/noticias/situacion-del-sen/situacion-del-sen-para-el-30-de-abril-de-2023,https://www.minem.gob.cu/sites/default/files/styles/imagen_220x220/public/noticias/284586312_894620618599534_7660329440615323138_n_306.jpg?itok=nxFaNWh9,30 04 2023, La Unión Eléctrica informa,,,
Situación del SEN para el 28 de abril de 2023.,https://www.minem.gob.cu/es/noticias/situacion-del-sen/situacion-del-sen-para-el-28-de-abril-de-2023,https://www.minem.gob.cu/sites/default/files/styles/imagen_220x220/public/noticias/284586312_894620618599534_7660329440615323138_n_307.jpg?itok=IMq5X59A,28 04 2023, La Unión Eléctrica informa,,,
Situación del SEN para el 27 de abril de 2023.,https://www.minem.gob.cu/es/noticias/situacion-del-sen/situacion-del-sen-para-el-27-de-abril-de-2023,https://www.minem.gob.cu/sites/default/files/styles/imagen_220x220/public/noticias/284586312_894620618599534_7660329440615323138_n_305.jpg?itok=3L9dvy5o,27 04 2023, La Unión Eléctrica informa,,,
